Workbook

Sheet Contents
B2: Factor Pages: | G2: Indices:
B4: c30 | C4: c105 | D4: c155 | E4: c205 | G4: Index of Integers
B5: c60 | C5: c110 | D5: c160 | E5: c210
B6: c65 | C6: c115 | D6: c165 | E6: c220 | G6: Index of Parameters
B7: c70 | C7: c120 | D7: c170 | E7: c230
B8: c75 | C8: c125 | D8: c175 | E8: c270 | G8: Index of Results
B9: c80 | C9: c130 | D9: c180 | E9: c310
B10: c85 | C10: c135 | D10: c185 | E10: c320 | G10: References
B11: c90 | C11: c140 | D11: c190
B12: c95 | C12: c145 | D12: c195
B13: c100 | C13: c150 | D13: c200

Sheet c30
B2: c30 | J2: Run
E3: Parameters | I3: Execution | J3: c30_1 | K3: c30_2 | L3: c30_3 | M3: c30_4 | N3: c30_5 | O3: Mean
B4: Prev | D4: Polynomial selection | E4: Primary: | G4: Job control: | I4: Size optimization | J4: 0 | K4: 0.01 | L4: 0 | M4: 0.03 | N4: 0.05 | O4: =AVERAGE(J4:N4) -> 0.018 | R4: =O4+O13 -> 0.088
E5: ad | G5: incr | H5: 20
B6: Contents | E6: - min: | F6: 0 | G6: ad
E7: - max: | F7: 1000 | G7: - range: | H7: 100
B8: Next | E8: P | F8: 272 | G8: threads
E9: sopteffort | F9: 0
B10: Index of Integers | E10: nq | F10: 3
E11: nrkeep | F11: 2
E12: degree | F12: 3
B13: Index of Parameters | E13: ropteffort | F13: 1 | I13: Root optimization | J13: 0.05 | K13: 0.05 | L13: 0.05 | M13: 0.1 | N13: 0.1 | O13: =AVERAGE(J13:N13) -> 0.07
I15: Generate factor base | J15: 0.01 | K15: 0.02 | L15: 0.02 | M15: 0.02 | N15: 0.02 | O15: =AVERAGE(J15:N15) -> 0.018
B16: Index of Results
I17: Generate free relations | J17: 0.08 | K17: 0.08 | L17: 0.08 | M17: 0.08 | N17: 0.08 | O17: =AVERAGE(J17:N17) -> 0.08
I21: MurphyE of poly found: | J21: 7.84e-05 | K21: 5.35e-05 | L21: 7.87e-05 | M21: 0.000108 | N21: 0.000122 | O21: =AVERAGE(J21:N21) -> 8.812e-05
J23: Run
E24: Parameters | I24: Execution | J24: c30_1 | K24: c30_2 | L24: c30_3 | M24: c30_4 | N24: c30_5 | O24: Mean
D25: Lattice Sieving | E25: Primary: | G25: Job control: | I25: Lattice Sieving | J25: 1.37 | K25: 1.32 | L25: 1.26 | M25: 1.44 | N25: 2.03 | O25: =AVERAGE(J25:N25) -> 1.484
E26: mfb0 | F26: 18 | G26: qmin | H26: 50000
E27: mfb1 | F27: 18 | G27: qrange | H27: 1000
E28: lambda0 | G28: threads
E29: lambda1 | G29: rels_wanted | H29: 30000
E30: ncurves0
E31: ncurves1
E32: sqside
E33: I | F33: 9
J36: Run
E37: Parameters | I37: Execution | J37: c30_1 | K37: c30_2 | L37: c30_3 | M37: c30_4 | N37: c30_5 | O37: Mean
D38: Filtering | E38: purge.keep | I38: Duplicate Removal, splitting pass: | J38: 0.08 | K38: 0.08 | L38: 0.09 | M38: 0.08 | N38: 0.2 | O38: =AVERAGE(J38:N38) -> 0.106
E39: add_ratio | I39: Duplicate Removal, removal pass: | J39: 0.19 | K39: 0.23 | L39: 0.2 | M39: 0.21 | N39: 0.39 | O39: =AVERAGE(J39:N39) -> 0.244
E40: maxlevel | I40: Singleton removal | J40: 0.55 | K40: 0.49 | L40: 0.58 | M40: 0.63 | N40: 0.97 | O40: =AVERAGE(J40:N40) -> 0.644
E41: target_density | I41: Merging - merge | J41: 0.3 | K41: 0.04 | L41: 0.04 | M41: 0.03 | N41: 0.03 | O41: =AVERAGE(J41:N41) -> 0.088
E42: required_excess | I42: Merging - replay | J42: 0.02 | K42: 0.03 | L42: 0.02 | M42: 0.02 | N42: 0.01 | O42: =AVERAGE(J42:N42) -> 0.02
J45: Run
E46: Parameters | I46: Execution | J46: c30_1 | K46: c30_2 | L46: c30_3 | M46: c30_4 | N46: c30_5 | O46: Mean
D47: Linear Algebra | E47: Primary: | G47: Job control: | I47: Total | J47: 0.66 | K47: 0.59 | L47: 0.56 | M47: 0.53 | N47: 0.62 | O47: =AVERAGE(J47:N47) -> 0.592
E48: interval | G48: bwc.threads | I48: Quadratic | J48: 0.01 | K48: 0.02 | L48: 0.02 | M48: 0.03 | N48: 0.02 | O48: =AVERAGE(J48:N48) -> 0.02
E49: interleaving | G49: characters.threads | I49: Square root | J49: 0.12 | K49: 0.12 | L49: 0.19 | M49: 0.1 | N49: 0.1 | O49: =AVERAGE(J49:N49) -> 0.126
E50: m | F50: 64
E51: n | F51: 64
E52: characters.nchar | F52: 50
I54: CPU time (seconds) | J54: =SUM(J4:J50) -> 3.4400784 | K54: =SUM(K4:K50) -> 3.0800535 | L54: =SUM(L4:L50) -> 3.1100787 | M54: =SUM(M4:M50) -> 3.300108 | N54: =SUM(N4:N50) -> 4.620122 | O54: =AVERAGE(J54:N54) -> 3.5100881
I56: Polynomial selection | J56: =SUM(J4:J18)/J54 -> 0.040696747 | K56: =SUM(K4:K18)/K54 -> 0.05194715 | L56: =SUM(L4:L18)/L54 -> 0.048230291 | M56: =SUM(M4:M18)/M54 -> 0.069694689 | N56: =SUM(N4:N18)/N54 -> 0.054111125 | O56: =AVERAGE(J56:N56) -> 0.052936
I57: Lattice Sieving | J57: =J25/J54 -> 0.39824674 | K57: =K25/K54 -> 0.42856398 | L57: =L25/L54 -> 0.40513444 | M57: =M25/M54 -> 0.43634936 | N57: =N25/N54 -> 0.43938234 | O57: =AVERAGE(J57:N57) -> 0.42153537
I58: Filtering | J58: =SUM(J38:J42)/J54 -> 0.3313878 | K58: =SUM(K38:K42)/K54 -> 0.28246263 | L58: =SUM(L38:L42)/L54 -> 0.2990278 | M58: =SUM(M38:M42)/M54 -> 0.29392977 | N58: =SUM(N38:N42)/N54 -> 0.3463112 | O58: =AVERAGE(J58:N58) -> 0.31062384
I59: Linear Algebra | J59: =SUM(J47:J49)/J54 -> 0.22964593 | K59: =SUM(K47:K49)/K54 -> 0.23700887 | L59: =SUM(L47:L49)/L54 -> 0.24758216 | M59: =SUM(M47:M49)/M54 -> 0.19999345 | N59: =SUM(N47:N49)/N54 -> 0.16016893 | O59: =AVERAGE(J59:N59) -> 0.21487987
J61: =J57/J59 -> 1.7341772 | K61: =K57/K59 -> 1.8082192 | L61: =L57/L59 -> 1.6363636 | M61: =M57/M59 -> 2.1818182 | N61: =N57/N59 -> 2.7432432 | O61: =AVERAGE(J61:N61) -> 2.0207643
E63: Workers:
E64: AWS | F64: 1 | G64: t2.medium

Sheet c60
B2: c60 | J2: Run
E3: Parameters | I3: Execution | J3: c60_1 | K3: c60_2 | L3: c60_3 | M3: c60_4 | N3: c60_5 | O3: Mean
B4: Prev | D4: Polynomial selection | E4: Primary: | G4: Job control: | I4: Size optimization | J4: 0.94 | K4: 0.93 | L4: 0.98 | M4: 0.97 | N4: 1.03 | O4: =AVERAGE(J4:N4) -> 0.97 | R4: =O4+O13 -> 7.188
E5: ad | G5: incr | H5: 60
B6: Contents | E6: - min: | F6: 0 | G6: ad
E7: - max: | F7: 10000 | G7: - range: | H7: 5000
B8: Next | E8: P | F8: 420 | G8: threads
E9: sopteffort | F9: 0
B10: Index of Integers | E10: nq | F10: 64
E11: nrkeep | F11: 10
E12: degree | F12: 4
B13: Index of Parameters | E13: ropteffort | F13: 0.1 | I13: Root optimization | J13: 6.09 | K13: 6.42 | L13: 5.94 | M13: 6.36 | N13: 6.28 | O13: =AVERAGE(J13:N13) -> 6.218
I15: Generate factor base | J15: 0.1 | K15: 0.09 | L15: 0.09 | M15: 0.09 | N15: 0.09 | O15: =AVERAGE(J15:N15) -> 0.092
B16: Index of Results
I17: Generate free relations | J17: 0.38 | K17: 0.39 | L17: 0.38 | M17: 0.39 | N17: 0.38 | O17: =AVERAGE(J17:N17) -> 0.384
I21: MurphyE of poly found: | J21: 3.87e-07 | K21: 4.06e-07 | L21: 4.49e-07 | M21: 3.81e-07 | N21: 3.94e-07 | O21: =AVERAGE(J21:N21) -> 4.034e-07
J23: Run
E24: Parameters | I24: Execution | J24: c60_1 | K24: c60_2 | L24: c60_3 | M24: c60_4 | N24: c60_5 | O24: Mean
D25: Lattice Sieving | E25: Primary: | G25: Job control: | I25: Lattice Sieving | J25: 35.48 | K25: 32.93 | L25: 28.97 | M25: 32.46 | N25: 32.14 | O25: =AVERAGE(J25:N25) -> 32.396
E26: mfb0 | F26: 17 | G26: qmin | H26: 61961
E27: mfb1 | F27: 38 | G27: qrange | H27: 2000
E28: lambda0 | G28: threads
E29: lambda1
E30: ncurves0 | F30: 15
E31: ncurves1 | F31: 17
E32: sqside
E33: I | F33: 10
J36: Run
E37: Parameters | I37: Execution | J37: c60_1 | K37: c60_2 | L37: c60_3 | M37: c60_4 | N37: c60_5 | O37: Mean
D38: Filtering | E38: purge.keep | F38: 160 | I38: Duplicate Removal, splitting pass: | J38: 0.14 | K38: 0.13 | L38: 0.12 | M38: 0.14 | N38: 0.13 | O38: =AVERAGE(J38:N38) -> 0.132
E39: add_ratio | I39: Duplicate Removal, removal pass: | J39: 0.31 | K39: 0.37 | L39: 0.33 | M39: 0.3 | N39: 0.29 | O39: =AVERAGE(J39:N39) -> 0.32
E40: maxlevel | F40: 20 | I40: Singleton removal | J40: 0.65 | K40: 0.74 | L40: 0.49 | M40: 0.61 | N40: 0.47 | O40: =AVERAGE(J40:N40) -> 0.592
E41: target_density | F41: 170 | I41: Merging - merge | J41: 0.79 | K41: 0.73 | L41: 0.74 | M41: 0.75 | N41: 0.81 | O41: =AVERAGE(J41:N41) -> 0.764
E42: required_excess | I42: Merging - replay | J42: 0.18 | K42: 0.15 | L42: 0.17 | M42: 0.16 | N42: 0.17 | O42: =AVERAGE(J42:N42) -> 0.166
J45: Run
E46: Parameters | I46: Execution | J46: c60_1 | K46: c60_2 | L46: c60_3 | M46: c60_4 | N46: c60_5 | O46: Mean
D47: Linear Algebra | E47: Primary: | G47: Job control: | I47: Total | J47: 1.61 | K47: 1.38 | L47: 1.45 | M47: 1.56 | N47: 1.71 | O47: =AVERAGE(J47:N47) -> 1.542
E48: interval | F48: 100 | G48: bwc.threads | I48: Quadratic | J48: 0.16 | K48: 0.16 | L48: 0.16 | M48: 0.15 | N48: 0.17 | O48: =AVERAGE(J48:N48) -> 0.16
E49: interleaving | F49: 0 | G49: characters.threads | I49: Square root | J49: 0.85 | K49: 1.38 | L49: 0.49 | M49: 0.86 | N49: 0.55 | O49: =AVERAGE(J49:N49) -> 0.826
E50: m | F50: 64
E51: n | F51: 64
E52: characters.nchar | F52: 50
I54: CPU time (seconds) | J54: =SUM(J4:J50) -> 47.68 | K54: =SUM(K4:K50) -> 45.8 | L54: =SUM(L4:L50) -> 40.31 | M54: =SUM(M4:M50) -> 44.8 | N54: =SUM(N4:N50) -> 44.22 | O54: =AVERAGE(J54:N54) -> 44.562
I56: Polynomial selection | J56: =SUM(J4:J18)/J54 -> 0.15750839 | K56: =SUM(K4:K18)/K54 -> 0.1709607 | L56: =SUM(L4:L18)/L54 -> 0.1833292 | M56: =SUM(M4:M18)/M54 -> 0.17433036 | N56: =SUM(N4:N18)/N54 -> 0.17593849 | O56: =AVERAGE(J56:N56) -> 0.17241343
I57: Lattice Sieving | J57: =J25/J54 -> 0.74412751 | K57: =K25/K54 -> 0.71899563 | L57: =L25/L54 -> 0.71868022 | M57: =M25/M54 -> 0.72455357 | N57: =N25/N54 -> 0.72682044 | O57: =AVERAGE(J57:N57) -> 0.72663547
I58: Filtering | J58: =SUM(J38:J42)/J54 -> 0.043414429 | K58: =SUM(K38:K42)/K54 -> 0.046288209 | L58: =SUM(L38:L42)/L54 -> 0.045894319 | M58: =SUM(M38:M42)/M54 -> 0.04375 | N58: =SUM(N38:N42)/N54 -> 0.042288557 | O58: =AVERAGE(J58:N58) -> 0.044327103
I59: Linear Algebra | J59: =SUM(J47:J49)/J54 -> 0.054949664 | K59: =SUM(K47:K49)/K54 -> 0.063755458 | L59: =SUM(L47:L49)/L54 -> 0.052096253 | M59: =SUM(M47:M49)/M54 -> 0.057366071 | N59: =SUM(N47:N49)/N54 -> 0.05495251 | O59: =AVERAGE(J59:N59) -> 0.056623991
J61: =J57/J59 -> 13.541985 | K61: =K57/K59 -> 11.277397 | L61: =L57/L59 -> 13.795238 | M61: =M57/M59 -> 12.63035 | N61: =N57/N59 -> 13.226337 | O61: =AVERAGE(J61:N61) -> 12.894262
E63: Workers:
E64: AWS | F64: 1 | G64: t2.medium

Sheet c65
B2: c65 | J2: Run
E3: Parameters | I3: Execution | J3: c65_1 | K3: c65_2 | L3: c65_3 | M3: c65_4 | N3: c65_5 | O3: Mean
B4: Prev | D4: Polynomial selection | E4: Primary: | G4: Job control: | I4: Size optimization | J4: 2.03 | K4: 2.12 | L4: 1.86 | M4: 1.96 | N4: 1.94 | O4: =AVERAGE(J4:N4) -> 1.982 | R4: =O4+O13 -> 11.306
E5: ad | G5: incr | H5: 60
B6: Contents | E6: - min: | F6: 0 | G6: ad
E7: - max: | F7: 22000 | G7: - range: | H7: 11000
B8: Next | E8: P | F8: 950 | G8: threads
E9: sopteffort | F9: 0
B10: Index of Integers | E10: nq | F10: 64
E11: nrkeep | F11: 15
E12: degree | F12: 4
B13: Index of Parameters | E13: ropteffort | F13: 0.1 | I13: Root optimization | J13: 9.19 | K13: 9.25 | L13: 9.97 | M13: 9.85 | N13: 8.36 | O13: =AVERAGE(J13:N13) -> 9.324
I15: Generate factor base | J15: 0.19 | K15: 0.18 | L15: 0.2 | M15: 0.18 | N15: 0.19 | O15: =AVERAGE(J15:N15) -> 0.188
B16: Index of Results
I17: Generate free relations | J17: 0.76 | K17: 0.75 | L17: 0.73 | M17: 0.76 | N17: 0.75 | O17: =AVERAGE(J17:N17) -> 0.75
I21: MurphyE of poly found: | J21: 3.07e-07 | K21: 3.9e-07 | L21: 3.09e-07 | M21: 3.51e-07 | N21: 3.59e-07 | O21: =AVERAGE(J21:N21) -> 3.432e-07
J23: Run
E24: Parameters | I24: Execution | J24: c65_1 | K24: c65_2 | L24: c65_3 | M24: c65_4 | N24: c65_5 | O24: Mean
D25: Lattice Sieving | E25: Primary: | G25: Job control: | I25: Lattice Sieving | J25: 66.23 | K25: 59.61 | L25: 64.53 | M25: 60.17 | N25: 60.32 | O25: =AVERAGE(J25:N25) -> 62.172
E26: mfb0 | F26: 18 | G26: qmin | H26: 35979
E27: mfb1 | F27: 40 | G27: qrange | H27: 1000
E28: lambda0 | G28: threads
E29: lambda1
E30: ncurves0 | F30: 16
E31: ncurves1 | F31: 14
E32: sqside
E33: I | F33: 11
J36: Run
E37: Parameters | I37: Execution | J37: c65_1 | K37: c65_2 | L37: c65_3 | M37: c65_4 | N37: c65_5 | O37: Mean
D38: Filtering | E38: purge.keep | F38: 160 | I38: Duplicate Removal, splitting pass: | J38: 0.26 | K38: 0.24 | L38: 0.24 | M38: 0.27 | N38: 0.29 | O38: =AVERAGE(J38:N38) -> 0.26
E39: add_ratio | I39: Duplicate Removal, removal pass: | J39: 0.8 | K39: 0.62 | L39: 0.59 | M39: 0.59 | N39: 0.72 | O39: =AVERAGE(J39:N39) -> 0.664
E40: maxlevel | F40: 20 | I40: Singleton removal | J40: 1.25 | K40: 1.28 | L40: 1.25 | M40: 1.15 | N40: 1.27 | O40: =AVERAGE(J40:N40) -> 1.24
E41: target_density | F41: 170 | I41: Merging - merge | J41: 1.34 | K41: 1.39 | L41: 1.39 | M41: 1.48 | N41: 1.4 | O41: =AVERAGE(J41:N41) -> 1.4
E42: required_excess | I42: Merging - replay | J42: 0.27 | K42: 0.27 | L42: 0.28 | M42: 0.28 | N42: 0.28 | O42: =AVERAGE(J42:N42) -> 0.276
J45: Run
E46: Parameters | I46: Execution | J46: c65_1 | K46: c65_2 | L46: c65_3 | M46: c65_4 | N46: c65_5 | O46: Mean
D47: Linear Algebra | E47: Primary: | G47: Job control: | I47: Total | J47: 2.13 | K47: 2.09 | L47: 2.17 | M47: 2.31 | N47: 2.22 | O47: =AVERAGE(J47:N47) -> 2.184
E48: interval | F48: 100 | G48: bwc.threads | I48: Quadratic | J48: 0.25 | K48: 0.26 | L48: 0.25 | M48: 0.28 | N48: 0.27 | O48: =AVERAGE(J48:N48) -> 0.262
E49: interleaving | F49: 0 | G49: characters.threads | I49: Square root | J49: 0.79 | K49: 0.85 | L49: 2.04 | M49: 1.47 | N49: 0.83 | O49: =AVERAGE(J49:N49) -> 1.196
E50: m | F50: 64
E51: n | F51: 64
E52: characters.nchar | F52: 50
I54: CPU time (seconds) | J54: =SUM(J4:J50) -> 85.49 | K54: =SUM(K4:K50) -> 78.91 | L54: =SUM(L4:L50) -> 85.5 | M54: =SUM(M4:M50) -> 80.75 | N54: =SUM(N4:N50) -> 78.84 | O54: =AVERAGE(J54:N54) -> 81.898
I56: Polynomial selection | J56: =SUM(J4:J18)/J54 -> 0.14235583 | K56: =SUM(K4:K18)/K54 -> 0.15587378 | L56: =SUM(L4:L18)/L54 -> 0.14923977 | M56: =SUM(M4:M18)/M54 -> 0.15789474 | N56: =SUM(N4:N18)/N54 -> 0.14256722 | O56: =AVERAGE(J56:N56) -> 0.14958627
I57: Lattice Sieving | J57: =J25/J54 -> 0.77471049 | K57: =K25/K54 -> 0.75541756 | L57: =L25/L54 -> 0.75473684 | M57: =M25/M54 -> 0.74513932 | N57: =N25/N54 -> 0.76509386 | O57: =AVERAGE(J57:N57) -> 0.75901961
I58: Filtering | J58: =SUM(J38:J42)/J54 -> 0.045853316 | K58: =SUM(K38:K42)/K54 -> 0.048156127 | L58: =SUM(L38:L42)/L54 -> 0.043859649 | M58: =SUM(M38:M42)/M54 -> 0.046687306 | N58: =SUM(N38:N42)/N54 -> 0.05022831 | O58: =AVERAGE(J58:N58) -> 0.046956942
I59: Linear Algebra | J59: =SUM(J47:J49)/J54 -> 0.03708036 | K59: =SUM(K47:K49)/K54 -> 0.040552528 | L59: =SUM(L47:L49)/L54 -> 0.052163743 | M59: =SUM(M47:M49)/M54 -> 0.050278638 | N59: =SUM(N47:N49)/N54 -> 0.042110604 | O59: =AVERAGE(J59:N59) -> 0.044437174
J61: =J57/J59 -> 20.892744 | K61: =K57/K59 -> 18.628125 | L61: =L57/L59 -> 14.46861 | M61: =M57/M59 -> 14.820197 | N61: =N57/N59 -> 18.168675 | O61: =AVERAGE(J61:N61) -> 17.39567
E65: Workers:
E66: AWS | F66: 1 | G66: t2.medium

Sheet c70
B2: c70 | J2: Run
E3: Parameters | I3: Execution | J3: c70_1 | K3: c70_2 | L3: c70_3 | M3: c70_4 | N3: c70_5 | O3: Mean
B4: Prev | D4: Polynomial selection | E4: Primary: | G4: Job control: | I4: Size optimization | J4: 3.76 | K4: 3.86 | L4: 3.77 | M4: 3.9 | N4: 3.98 | O4: =AVERAGE(J4:N4) -> 3.854 | R4: =O4+O13 -> 17.17
E5: ad | G5: incr | H5: 60
B6: Contents | E6: - min: | F6: 0 | G6: ad
E7: - max: | F7: 44000 | G7: - range: | H7: 22000
B8: Next | E8: P | F8: 1800 | G8: threads
E9: sopteffort | F9: 0
B10: Index of Integers | E10: nq | F10: 64
E11: nrkeep | F11: 20
E12: degree | F12: 4
B13: Index of Parameters | E13: ropteffort | F13: 0.1 | I13: Root optimization | J13: 13.84 | K13: 12.85 | L13: 13.4 | M13: 13.11 | N13: 13.38 | O13: =AVERAGE(J13:N13) -> 13.316
I15: Generate factor base | J15: 0.2 | K15: 0.2 | L15: 0.2 | M15: 0.2 | N15: 0.2 | O15: =AVERAGE(J15:N15) -> 0.2
B16: Index of Results
I17: Generate free relations | J17: 1.5 | K17: 1.49 | L17: 1.5 | M17: 1.5 | N17: 1.51 | O17: =AVERAGE(J17:N17) -> 1.5
I21: MurphyE of poly found: | J21: 1.6e-07 | K21: 1.65e-07 | L21: 1.58e-07 | M21: 1.99e-07 | N21: 2.39e-07 | O21: =AVERAGE(J21:N21) -> 1.842e-07
J23: Run
E24: Parameters | I24: Execution | J24: c70_1 | K24: c70_2 | L24: c70_3 | M24: c70_4 | N24: c70_5 | O24: Mean
D25: Lattice Sieving | E25: Primary: | G25: Job control: | I25: Lattice Sieving | J25: 100.12 | K25: 106.85 | L25: 113.37 | M25: 91.85 | N25: 86.77 | O25: =AVERAGE(J25:N25) -> 99.792
E26: mfb0 | F26: 19 | G26: qmin | H26: 18640
E27: mfb1 | F27: 42 | G27: qrange | H27: 1000
E28: lambda0 | G28: threads
E29: lambda1
E30: ncurves0 | F30: 16
E31: ncurves1 | F31: 14
E32: sqside
E33: I | F33: 11
J36: Run
E37: Parameters | I37: Execution | J37: c70_1 | K37: c70_2 | L37: c70_3 | M37: c70_4 | N37: c70_5 | O37: Mean
D38: Filtering | E38: purge.keep | F38: 160 | I38: Duplicate Removal, splitting pass: | J38: 0.55 | K38: 1.3 | L38: 0.47 | M38: 0.39 | N38: 0.47 | O38: =AVERAGE(J38:N38) -> 0.636
E39: add_ratio | I39: Duplicate Removal, removal pass: | J39: 1.8 | K39: 1.07 | L39: 1.05 | M39: 1.17 | N39: 1.23 | O39: =AVERAGE(J39:N39) -> 1.264
E40: maxlevel | F40: 20 | I40: Singleton removal | J40: 1.17 | K40: 1.89 | L40: 1.83 | M40: 2.28 | N40: 2.43 | O40: =AVERAGE(J40:N40) -> 1.92
E41: target_density | F41: 170 | I41: Merging - merge | J41: 2.34 | K41: 2.6 | L41: 2.47 | M41: 2.24 | N41: 2.1 | O41: =AVERAGE(J41:N41) -> 2.35
E42: required_excess | I42: Merging - replay | J42: 0.42 | K42: 0.5 | L42: 0.48 | M42: 0.41 | N42: 0.41 | O42: =AVERAGE(J42:N42) -> 0.444
J45: Run
E46: Parameters | I46: Execution | J46: c70_1 | K46: c70_2 | L46: c70_3 | M46: c70_4 | N46: c70_5 | O46: Mean
D47: Linear Algebra | E47: Primary: | G47: Job control: | I47: Total | J47: 3.35 | K47: 3.84 | L47: 3.84 | M47: 3.2 | N47: 3.12 | O47: =AVERAGE(J47:N47) -> 3.47
E48: interval | F48: 100 | G48: bwc.threads | I48: Quadratic | J48: 0.4 | K48: 0.43 | L48: 0.42 | M48: 0.38 | N48: 0.35 | O48: =AVERAGE(J48:N48) -> 0.396
E49: interleaving | F49: 0 | G49: characters.threads | I49: Square root | J49: 1.35 | K49: 1.48 | L49: 1.58 | M49: 1.22 | N49: 1.22 | O49: =AVERAGE(J49:N49) -> 1.37
E50: m | F50: 64
E51: n | F51: 64
E52: characters.nchar | F52: 50
I54: CPU time (seconds) | J54: =SUM(J4:J50) -> 130.8 | K54: =SUM(K4:K50) -> 138.36 | L54: =SUM(L4:L50) -> 144.38 | M54: =SUM(M4:M50) -> 121.85 | N54: =SUM(N4:N50) -> 117.17 | O54: =AVERAGE(J54:N54) -> 130.512
I56: Polynomial selection | J56: =SUM(J4:J18)/J54 -> 0.14755352 | K56: =SUM(K4:K18)/K54 -> 0.13298641 | L56: =SUM(L4:L18)/L54 -> 0.13069677 | M56: =SUM(M4:M18)/M54 -> 0.15354945 | N56: =SUM(N4:N18)/N54 -> 0.16275497 | O56: =AVERAGE(J56:N56) -> 0.14550822
I57: Lattice Sieving | J57: =J25/J54 -> 0.76544342 | K57: =K25/K54 -> 0.77226077 | L57: =L25/L54 -> 0.78521956 | M57: =M25/M54 -> 0.75379565 | N57: =N25/N54 -> 0.74054792 | O57: =AVERAGE(J57:N57) -> 0.76345346
I58: Filtering | J58: =SUM(J38:J42)/J54 -> 0.048012232 | K58: =SUM(K38:K42)/K54 -> 0.053194565 | L58: =SUM(L38:L42)/L54 -> 0.043634852 | M58: =SUM(M38:M42)/M54 -> 0.053262208 | N58: =SUM(N38:N42)/N54 -> 0.056669796 | O58: =AVERAGE(J58:N58) -> 0.050954731
I59: Linear Algebra | J59: =SUM(J47:J49)/J54 -> 0.038990826 | K59: =SUM(K47:K49)/K54 -> 0.041558254 | L59: =SUM(L47:L49)/L54 -> 0.040448816 | M59: =SUM(M47:M49)/M54 -> 0.039392696 | N59: =SUM(N47:N49)/N54 -> 0.040027311 | O59: =AVERAGE(J59:N59) -> 0.04008358
J61: =J57/J59 -> 19.631373 | K61: =K57/K59 -> 18.582609 | L61: =L57/L59 -> 19.412671 | M61: =M57/M59 -> 19.135417 | N61: =N57/N59 -> 18.501066 | O61: =AVERAGE(J61:N61) -> 19.052627
E64: Workers:
E65: AWS | F65: 1 | G65: t2.medium

Sheet c75
B2: c75 | J2: Run
E3: Parameters | I3: Execution | J3: c75_1 | K3: c75_2 | L3: c75_3 | M3: c75_4 | N3: c75_5 | O3: Mean
B4: Prev | D4: Polynomial selection | E4: Primary: | G4: Job control: | I4: Size optimization | J4: 7.99 | K4: 8 | L4: 8.31 | M4: 7.74 | N4: 8.02 | O4: =AVERAGE(J4:N4) -> 8.012 | R4: =O4+O13 -> 27.672
E5: ad | G5: incr | H5: 60
B6: Contents | E6: - min: | F6: 0 | G6: ad
E7: - max: | F7: 84000 | G7: - range: | H7: 42000
B8: Next | E8: P | F8: 3600 | G8: threads
E9: sopteffort | F9: 0
B10: Index of Integers | E10: nq | F10: 64
E11: nrkeep | F11: 30
E12: degree | F12: 4
B13: Index of Parameters | E13: ropteffort | I13: Root optimization | J13: 19.6 | K13: 20.13 | L13: 20.67 | M13: 19.15 | N13: 18.75 | O13: =AVERAGE(J13:N13) -> 19.66
I15: Generate factor base | J15: 0.23 | K15: 0.23 | L15: 0.24 | M15: 0.25 | N15: 0.23 | O15: =AVERAGE(J15:N15) -> 0.236
B16: Index of Results
I17: Generate free relations | J17: 1.54 | K17: 1.53 | L17: 1.52 | M17: 1.52 | N17: 1.5 | O17: =AVERAGE(J17:N17) -> 1.522
I21: MurphyE of poly found: | J21: 6.06e-08 | K21: 5.68e-08 | L21: 5.56e-08 | M21: 6.22e-08 | N21: 6.04e-08 | O21: =AVERAGE(J21:N21) -> 5.912e-08
J23: Run
E24: Parameters | I24: Execution | J24: c75_1 | K24: c75_2 | L24: c75_3 | M24: c75_4 | N24: c75_5 | O24: Mean
D25: Lattice Sieving | E25: Primary: | G25: Job control: | I25: Lattice Sieving | J25: 214.69 | K25: 223.8 | L25: 203.38 | M25: 223.29 | N25: 206.49 | O25: =AVERAGE(J25:N25) -> 214.33
E26: mfb0 | F26: 41 | G26: qmin | H26: 100846
E27: mfb1 | F27: 42 | G27: qrange | H27: 1000
E28: lambda0 | G28: threads
E29: lambda1
E30: ncurves0 | F30: 25
E31: ncurves1 | F31: 19
E32: sqside
E33: I | F33: 11
J36: Run
E37: Parameters | I37: Execution | J37: c75_1 | K37: c75_2 | L37: c75_3 | M37: c75_4 | N37: c75_5 | O37: Mean
D38: Filtering | E38: purge.keep | F38: 160 | I38: Duplicate Removal, splitting pass: | J38: 0.63 | K38: 0.54 | L38: 0.62 | M38: 0.63 | N38: 0.57 | O38: =AVERAGE(J38:N38) -> 0.598
E39: add_ratio | I39: Duplicate Removal, removal pass: | J39: 1.49 | K39: 1.65 | L39: 2.23 | M39: 2.4 | N39: 1.74 | O39: =AVERAGE(J39:N39) -> 1.902
E40: maxlevel | F40: 20 | I40: Singleton removal | J40: 1.41 | K40: 1.7 | L40: 1.62 | M40: 1.59 | N40: 1.71 | O40: =AVERAGE(J40:N40) -> 1.606
E41: target_density | F41: 170 | I41: Merging - merge | J41: 6.29 | K41: 6.11 | L41: 6.23 | M41: 6.49 | N41: 6.37 | O41: =AVERAGE(J41:N41) -> 6.298
E42: required_excess | I42: Merging - replay | J42: 1.06 | K42: 1.02 | L42: 0.98 | M42: 1.08 | N42: 1.06 | O42: =AVERAGE(J42:N42) -> 1.04
J45: Run
E46: Parameters | I46: Execution | J46: c75_1 | K46: c75_2 | L46: c75_3 | M46: c75_4 | N46: c75_5 | O46: Mean
D47: Linear Algebra | E47: Primary: | G47: Job control: | I47: Total | J47: 12.5 | K47: 12.38 | L47: 10.56 | M47: 12.61 | N47: 12.49 | O47: =AVERAGE(J47:N47) -> 12.108
E48: interval | F48: 100 | G48: bwc.threads | I48: Quadratic | J48: 0.94 | K48: 0.9 | L48: 0.87 | M48: 0.93 | N48: 0.91 | O48: =AVERAGE(J48:N48) -> 0.91
E49: interleaving | F49: 0 | G49: characters.threads | I49: Square root | J49: 8.92 | K49: 6.52 | L49: 3.57 | M49: 3.86 | N49: 3.29 | O49: =AVERAGE(J49:N49) -> 5.232
E50: m | F50: 64
E51: n | F51: 64
E52: characters.nchar | F52: 50
I54: CPU time (seconds) | J54: =SUM(J4:J50) -> 277.29 | K54: =SUM(K4:K50) -> 284.51 | L54: =SUM(L4:L50) -> 260.8 | M54: =SUM(M4:M50) -> 281.54 | N54: =SUM(N4:N50) -> 263.13 | O54: =AVERAGE(J54:N54) -> 273.454
I56: Polynomial selection | J56: =SUM(J4:J18)/J54 -> 0.10588193 | K56: =SUM(K4:K18)/K54 -> 0.10505782 | L56: =SUM(L4:L18)/L54 -> 0.1178681 | M56: =SUM(M4:M18)/M54 -> 0.10179726 | N56: =SUM(N4:N18)/N54 -> 0.10831148 | O56: =AVERAGE(J56:N56) -> 0.10778332
I57: Lattice Sieving | J57: =J25/J54 -> 0.77424357 | K57: =K25/K54 -> 0.78661558 | L57: =L25/L54 -> 0.77983129 | M57: =M25/M54 -> 0.79310222 | N57: =N25/N54 -> 0.78474518 | O57: =AVERAGE(J57:N57) -> 0.78370757
I58: Filtering | J58: =SUM(J38:J42)/J54 -> 0.0392369 | K58: =SUM(K38:K42)/K54 -> 0.038733261 | L58: =SUM(L38:L42)/L54 -> 0.044785276 | M58: =SUM(M38:M42)/M54 -> 0.043297578 | N58: =SUM(N38:N42)/N54 -> 0.043514613 | O58: =AVERAGE(J58:N58) -> 0.041913525
I59: Linear Algebra | J59: =SUM(J47:J49)/J54 -> 0.0806376 | K59: =SUM(K47:K49)/K54 -> 0.069593336 | L59: =SUM(L47:L49)/L54 -> 0.057515337 | M59: =SUM(M47:M49)/M54 -> 0.061802941 | N59: =SUM(N47:N49)/N54 -> 0.063428723 | O59: =AVERAGE(J59:N59) -> 0.066595587
J61: =J57/J59 -> 9.6015206 | K61: =K57/K59 -> 11.30303 | L61: =L57/L59 -> 13.558667 | M61: =M57/M59 -> 12.832759 | N61: =N57/N59 -> 12.372079 | O61: =AVERAGE(J61:N61) -> 11.933611
E65: Workers:
E66: AWS | F66: 1 | G66: t2.medium

Sheet c80
B2: c80 | J2: Run
E3: Parameters | I3: Execution | J3: c80_1 | K3: c80_2 | L3: c80_3 | M3: c80_4 | N3: c80_5 | O3: Mean
B4: Prev | D4: Polynomial selection | E4: Primary: | G4: Job control: | I4: Size optimization | J4: 6.09 | K4: 6.05 | L4: 6.05 | M4: 6.3 | N4: 6.12 | O4: =AVERAGE(J4:N4) -> 6.122 | R4: =O4+O13 -> 28.464
E5: ad | G5: incr | H5: 60
B6: Contents | E6: - min: | F6: 0 | G6: ad
E7: - max: | F7: 50000 | G7: - range: | H7: 5000
B8: Next | E8: P | F8: 10000 | G8: threads
E9: sopteffort | F9: 0
B10: Index of Integers | E10: nq | F10: 64
E11: nrkeep | F11: 20
E12: degree | F12: 4
B13: Index of Parameters | E13: ropteffort | F13: 0.1 | I13: Root optimization | J13: 21.36 | K13: 21.64 | L13: 23.61 | M13: 22.54 | N13: 22.56 | O13: =AVERAGE(J13:N13) -> 22.342
I15: Generate factor base | J15: 0.28 | K15: 0.28 | L15: 0.28 | M15: 0.27 | N15: 0.28 | O15: =AVERAGE(J15:N15) -> 0.278
B16: Index of Results
I17: Generate free relations | J17: 1.52 | K17: 1.52 | L17: 1.5 | M17: 1.52 | N17: 1.52 | O17: =AVERAGE(J17:N17) -> 1.516
I21: MurphyE of poly found: | J21: 3.49e-08 | K21: 3.35e-08 | L21: 3.7e-08 | M21: 3.28e-08 | N21: 3.75e-08 | O21: =AVERAGE(J21:N21) -> 3.514e-08
J23: Run
E24: Parameters | I24: Execution | J24: c80_1 | K24: c80_2 | L24: c80_3 | M24: c80_4 | N24: c80_5 | O24: Mean
D25: Lattice Sieving | E25: Primary: | G25: Job control: | I25: Lattice Sieving | J25: 484.59 | K25: 449.46 | L25: 429.96 | M25: 515.77 | N25: 415.55 | O25: =AVERAGE(J25:N25) -> 459.066
E26: mfb0 | F26: 41 | G26: qmin | H26: 66606
E27: mfb1 | F27: 42 | G27: qrange | H27: 5000
E28: lambda0 | G28: threads
E29: lambda1
E30: ncurves0 | F30: 8
E31: ncurves1 | F31: 8
E32: sqside
E33: I | F33: 11
J36: Run
E37: Parameters | I37: Execution | J37: c80_1 | K37: c80_2 | L37: c80_3 | M37: c80_4 | N37: c80_5 | O37: Mean
D38: Filtering | E38: purge.keep | F38: 160 | I38: Duplicate Removal, splitting pass: | J38: 0.72 | K38: 0.63 | L38: 0.71 | M38: 0.93 | N38: 0.64 | O38: =AVERAGE(J38:N38) -> 0.726
E39: add_ratio | I39: Duplicate Removal, removal pass: | J39: 2.86 | K39: 2.56 | L39: 2.82 | M39: 2.59 | N39: 2.73 | O39: =AVERAGE(J39:N39) -> 2.712
E40: maxlevel | F40: 20 | I40: Singleton removal | J40: 2.41 | K40: 2 | L40: 2.13 | M40: 2.86 | N40: 2.4 | O40: =AVERAGE(J40:N40) -> 2.36
E41: target_density | F41: 170 | I41: Merging - merge | J41: 8.01 | K41: 8.47 | L41: 8.42 | M41: 7.55 | N41: 8.12 | O41: =AVERAGE(J41:N41) -> 8.114
E42: required_excess | I42: Merging - replay | J42: 1.32 | K42: 1.35 | L42: 1.39 | M42: 1.25 | N42: 1.38 | O42: =AVERAGE(J42:N42) -> 1.338
J45: Run
E46: Parameters | I46: Execution | J46: c80_1 | K46: c80_2 | L46: c80_3 | M46: c80_4 | N46: c80_5 | O46: Mean
D47: Linear Algebra | E47: Primary: | G47: Job control: | I47: Total | J47: 19.73 | K47: 20.1 | L47: 19.91 | M47: 17.52 | N47: 19.59 | O47: =AVERAGE(J47:N47) -> 19.37
E48: interval | F48: 100 | G48: bwc.threads | I48: Quadratic | J48: 1.12 | K48: 1.16 | L48: 1.14 | M48: 1.04 | N48: 1.13 | O48: =AVERAGE(J48:N48) -> 1.118
E49: interleaving | F49: 0 | G49: characters.threads | I49: Square root | J49: 4.7 | K49: 4.64 | L49: 8.85 | M49: 3.96 | N49: 5.04 | O49: =AVERAGE(J49:N49) -> 5.438
E50: m | F50: 64
E51: n | F51: 64
E52: characters.nchar | F52: 50
I54: CPU time (seconds) | J54: =SUM(J4:J50) -> 554.71 | K54: =SUM(K4:K50) -> 519.86 | L54: =SUM(L4:L50) -> 506.77 | M54: =SUM(M4:M50) -> 584.1 | N54: =SUM(N4:N50) -> 487.06 | O54: =AVERAGE(J54:N54) -> 530.5
I56: Polynomial selection | J56: =SUM(J4:J18)/J54 -> 0.052730255 | K56: =SUM(K4:K18)/K54 -> 0.056726811 | L56: =SUM(L4:L18)/L54 -> 0.062039979 | M56: =SUM(M4:M18)/M54 -> 0.052439651 | N56: =SUM(N4:N18)/N54 -> 0.062579559 | O56: =AVERAGE(J56:N56) -> 0.057303251
I57: Lattice Sieving | J57: =J25/J54 -> 0.87359161 | K57: =K25/K54 -> 0.86457893 | L57: =L25/L54 -> 0.84843223 | M57: =M25/M54 -> 0.88301661 | N57: =N25/N54 -> 0.85318031 | O57: =AVERAGE(J57:N57) -> 0.86455993
I58: Filtering | J58: =SUM(J38:J42)/J54 -> 0.027618035 | K58: =SUM(K38:K42)/K54 -> 0.028873158 | L58: =SUM(L38:L42)/L54 -> 0.030526669 | M58: =SUM(M38:M42)/M54 -> 0.025988701 | N58: =SUM(N38:N42)/N54 -> 0.031351374 | O58: =AVERAGE(J58:N58) -> 0.028871587
I59: Linear Algebra | J59: =SUM(J47:J49)/J54 -> 0.046060103 | K59: =SUM(K47:K49)/K54 -> 0.049821106 | L59: =SUM(L47:L49)/L54 -> 0.059001125 | M59: =SUM(M47:M49)/M54 -> 0.038555042 | N59: =SUM(N47:N49)/N54 -> 0.052888761 | O59: =AVERAGE(J59:N59) -> 0.049265227
J61: =J57/J59 -> 18.966341 | K61: =K57/K59 -> 17.353668 | L61: =L57/L59 -> 14.379933 | M61: =M57/M59 -> 22.902753 | N61: =N57/N59 -> 16.131599 | O61: =AVERAGE(J61:N61) -> 17.946859
E65: Workers:
E66: AWS | F66: 1 | G66: t2.medium

Sheet c85
B2: c85 | J2: Run
E3: Parameters | I3: Execution | J3: c85_1 | K3: c85_2 | L3: c85_3 | M3: c85_4 | N3: c85_5 | O3: Mean
B4: Prev | D4: Polynomial selection | E4: Primary: | G4: Job control: | I4: Size optimization | J4: 21.87 | K4: 21.71 | L4: 21.33 | M4: 21.8 | N4: 21.72 | O4: =AVERAGE(J4:N4) -> 21.686 | R4: =O4+O13 -> 56.008
E5: ad | G5: incr | H5: 60
B6: Contents | E6: - min: | F6: 0 | G6: ad
E7: - max: | F7: 50000 | G7: - range: | H7: 5000
B8: Next | E8: P | F8: 10000 | G8: threads
E9: sopteffort | F9: 0
B10: Index of Integers | E10: nq | F10: 256
E11: nrkeep | F11: 30
E12: degree | F12: 4
B13: Index of Parameters | E13: ropteffort | F13: 0.1 | I13: Root optimization | J13: 33.01 | K13: 34.81 | L13: 34.21 | M13: 35.58 | N13: 34 | O13: =AVERAGE(J13:N13) -> 34.322
I15: Generate factor base | J15: 0.45 | K15: 0.44 | L15: 0.44 | M15: 0.45 | N15: 0.44 | O15: =AVERAGE(J15:N15) -> 0.444
B16: Index of Results
I17: Generate free relations | J17: 3.02 | K17: 3.01 | L17: 3.03 | M17: 3.05 | N17: 3.04 | O17: =AVERAGE(J17:N17) -> 3.03
I21: MurphyE of poly found: | J21: 3.54e-08 | K21: 3.59e-08 | L21: 3.25e-08 | M21: 2.94e-08 | N21: 3.54e-08 | O21: =AVERAGE(J21:N21) -> 3.372e-08
J23: Run
E24: Parameters | I24: Execution | J24: c85_1 | K24: c85_2 | L24: c85_3 | M24: c85_4 | N24: c85_5 | O24: Mean
D25: Lattice Sieving | E25: Primary: | G25: Job control: | I25: Lattice Sieving | J25: 719.38 | K25: 787.29 | L25: 819.79 | M25: 909.13 | N25: 764.43 | O25: =AVERAGE(J25:N25) -> 800.004
E26: mfb0 | F26: 44 | G26: qmin | H26: 146453
E27: mfb1 | F27: 44 | G27: qrange | H27: 1000
E28: lambda0 | G28: threads
E29: lambda1
E30: ncurves0 | F30: 24
E31: ncurves1 | F31: 19
E32: sqside
E33: I | F33: 11
J36: Run
E37: Parameters | I37: Execution | J37: c85_1 | K37: c85_2 | L37: c85_3 | M37: c85_4 | N37: c85_5 | O37: Mean
D38: Filtering | E38: purge.keep | F38: 160 | I38: Duplicate Removal, splitting pass: | J38: 1.08 | K38: 1.3 | L38: 1.27 | M38: 1.2 | N38: 1.06 | O38: =AVERAGE(J38:N38) -> 1.182
E39: add_ratio | I39: Duplicate Removal, removal pass: | J39: 4.69 | K39: 5.39 | L39: 5.11 | M39: 5.46 | N39: 4.57 | O39: =AVERAGE(J39:N39) -> 5.044
E40: maxlevel | F40: 20 | I40: Singleton removal | J40: 3.77 | K40: 4.67 | L40: 3.98 | M40: 4.7 | N40: 3.88 | O40: =AVERAGE(J40:N40) -> 4.2
E41: target_density | F41: 170 | I41: Merging - merge | J41: 14.11 | K41: 14.28 | L41: 15.49 | M41: 14.32 | N41: 15.21 | O41: =AVERAGE(J41:N41) -> 14.682
E42: required_excess | I42: Merging - replay | J42: 2.15 | K42: 2.2 | L42: 2.35 | M42: 2.24 | N42: 2.31 | O42: =AVERAGE(J42:N42) -> 2.25
J45: Run
E46: Parameters | I46: Execution | J46: c85_1 | K46: c85_2 | L46: c85_3 | M46: c85_4 | N46: c85_5 | O46: Mean
D47: Linear Algebra | E47: Primary: | G47: Job control: | I47: Total | J47: 47.19 | K47: 49.26 | L47: 53.75 | M47: 53.64 | N47: 52.34 | O47: =AVERAGE(J47:N47) -> 51.236
E48: interval | F48: 100 | G48: bwc.threads | I48: Quadratic | J48: 1.86 | K48: 1.92 | L48: 2.01 | M48: 1.92 | N48: 1.99 | O48: =AVERAGE(J48:N48) -> 1.94
E49: interleaving | F49: 0 | G49: characters.threads | I49: Square root | J49: 8.03 | K49: 7.71 | L49: 9.39 | M49: 9.1 | N49: 9.13 | O49: =AVERAGE(J49:N49) -> 8.672
E50: m | F50: 64
E51: n | F51: 64
E52: characters.nchar | F52: 50
I54: CPU time (seconds) | J54: =SUM(J4:J50) -> 860.61 | K54: =SUM(K4:K50) -> 933.99 | L54: =SUM(L4:L50) -> 972.15 | M54: =SUM(M4:M50) -> 1062.59 | N54: =SUM(N4:N50) -> 914.12 | O54: =AVERAGE(J54:N54) -> 948.692
I56: Polynomial selection | J56: =SUM(J4:J18)/J54 -> 0.067800746 | K56: =SUM(K4:K18)/K54 -> 0.064208396 | L56: =SUM(L4:L18)/L54 -> 0.060700509 | M56: =SUM(M4:M18)/M54 -> 0.05729397 | N56: =SUM(N4:N18)/N54 -> 0.064761738 | O56: =AVERAGE(J56:N56) -> 0.062953072
I57: Lattice Sieving | J57: =J25/J54 -> 0.83589547 | K57: =K25/K54 -> 0.84293194 | L57: =L25/L54 -> 0.84327521 | M57: =M25/M54 -> 0.85557929 | N57: =N25/N54 -> 0.83624688 | O57: =AVERAGE(J57:N57) -> 0.84278576
I58: Filtering | J58: =SUM(J38:J42)/J54 -> 0.029978736 | K58: =SUM(K38:K42)/K54 -> 0.0298076 | L58: =SUM(L38:L42)/L54 -> 0.029007869 | M58: =SUM(M38:M42)/M54 -> 0.026275421 | N58: =SUM(N38:N42)/N54 -> 0.029569422 | O58: =AVERAGE(J58:N58) -> 0.02892781
I59: Linear Algebra | J59: =SUM(J47:J49)/J54 -> 0.066325049 | K59: =SUM(K47:K49)/K54 -> 0.063052067 | L59: =SUM(L47:L49)/L54 -> 0.067016407 | M59: =SUM(M47:M49)/M54 -> 0.060851316 | N59: =SUM(N47:N49)/N54 -> 0.069421958 | O59: =AVERAGE(J59:N59) -> 0.065333359
J61: =J57/J59 -> 12.603013 | K61: =K57/K59 -> 13.368823 | L61: =L57/L59 -> 12.583116 | M61: =M57/M59 -> 14.060161 | N61: =N57/N59 -> 12.045856 | O61: =AVERAGE(J61:N61) -> 12.932194
E65: Workers:
E66: AWS | F66: 1 | G66: t2.medium

Sheet c90
B2: c90 | J2: Run
E3: Parameters | I3: Execution | J3: c90_1 | K3: c90_2 | L3: c90_3 | M3: c90_4 | N3: c90_5 | O3: Mean
B4: Prev | D4: Polynomial selection | E4: Primary: | G4: Job control: | I4: Size optimization | J4: 66.22 | K4: 65.44 | L4: 65.27 | M4: 65.71 | N4: 65.67 | O4: =AVERAGE(J4:N4) -> 65.662 | R4: =O4+O13 -> 112.92
E5: ad | G5: incr | H5: 60
B6: Contents | E6: - min: | F6: 0 | G6: ad
E7: - max: | F7: 150000 | G7: - range: | H7: 5000
B8: Next | E8: P | F8: 10000 | G8: threads | H8: 2
E9: sopteffort | F9: 0
B10: Index of Integers | E10: nq | F10: 256
E11: nrkeep | F11: 40
E12: degree | F12: 4
B13: Index of Parameters | E13: ropteffort | F13: 0.1 | I13: Root optimization | J13: 46.84 | K13: 45 | L13: 46.27 | M13: 49.21 | N13: 48.97 | O13: =AVERAGE(J13:N13) -> 47.258
I15: Generate factor base | J15: 0.65 | K15: 0.67 | L15: 0.65 | M15: 0.66 | N15: 0.65 | O15: =AVERAGE(J15:N15) -> 0.656
B16: Index of Results
I17: Generate free relations | J17: 6.05 | K17: 6.06 | L17: 6.07 | M17: 6.05 | N17: 6.01 | O17: =AVERAGE(J17:N17) -> 6.048
I21: MurphyE of poly found: | J21: 2.12e-08 | K21: 2.1e-08 | L21: 1.87e-08 | M21: 2.04e-08 | N21: 1.91e-08 | O21: =AVERAGE(J21:N21) -> 2.008e-08
J23: Run
E24: Parameters | I24: Execution | J24: c90_1 | K24: c90_2 | L24: c90_3 | M24: c90_4 | N24: c90_5 | O24: Mean
D25: Lattice Sieving | E25: Primary: | G25: Job control: | I25: Lattice Sieving | J25: 1463.18 | K25: 1774.1 | L25: 1596.06 | M25: 1507.32 | N25: 1660.33 | O25: =AVERAGE(J25:N25) -> 1600.198
E26: mfb0 | F26: 46 | G26: qmin | H26: 200923
E27: mfb1 | F27: 46 | G27: qrange | H27: 10000
E28: lambda0 | G28: threads | H28: 2
E29: lambda1
E30: ncurves0 | F30: 9
E31: ncurves1 | F31: 10
E32: sqside | F32: 1
E33: I | F33: 11
J36: Run
E37: Parameters | I37: Execution | J37: c90_1 | K37: c90_2 | L37: c90_3 | M37: c90_4 | N37: c90_5 | O37: Mean
D38: Filtering | E38: purge.keep | F38: 160 | I38: Duplicate Removal, splitting pass: | J38: 2.08 | K38: 2.28 | L38: 3.09 | M38: 2.01 | N38: 2.55 | O38: =AVERAGE(J38:N38) -> 2.402
E39: add_ratio | F39: 0.1 | I39: Duplicate Removal, removal pass: | J39: 6.5 | K39: 8.84 | L39: 8.69 | M39: 6.74 | N39: 9.24 | O39: =AVERAGE(J39:N39) -> 8.002
E40: maxlevel | F40: 20 | I40: Singleton removal | J40: 4.03 | K40: 8.11 | L40: 7.66 | M40: 4.12 | N40: 7.01 | O40: =AVERAGE(J40:N40) -> 6.186
E41: target_density | F41: 170 | I41: Merging - merge | J41: 24.86 | K41: 19.66 | L41: 22.61 | M41: 31.35 | N41: 24.14 | O41: =AVERAGE(J41:N41) -> 24.524
E42: required_excess | F42: 0 | I42: Merging - replay | J42: 3.58 | K42: 3.02 | L42: 3.08 | M42: 3.94 | N42: 3.3 | O42: =AVERAGE(J42:N42) -> 3.384
J45: Run
E46: Parameters | I46: Execution | J46: c90_1 | K46: c90_2 | L46: c90_3 | M46: c90_4 | N46: c90_5 | O46: Mean
D47: Linear Algebra | E47: Primary: | G47: Job control: | I47: Total | J47: 106.51 | K47: 79.92 | L47: 78.17 | M47: 120.38 | N47: 87.95 | O47: =AVERAGE(J47:N47) -> 94.586
E48: interval | F48: 100 | G48: bwc.threads | I48: Quadratic | J48: 3.09 | K48: 2.56 | L48: 2.51 | M48: 3.3 | N48: 2.67 | O48: =AVERAGE(J48:N48) -> 2.826
E49: interleaving | F49: 0 | G49: characters.threads | H49: 2 | I49: Square root | J49: 27.02 | K49: 11.95 | L49: 11.8 | M49: 29.4 | N49: 12.15 | O49: =AVERAGE(J49:N49) -> 18.464
E50: m | F50: 64
E51: n | F51: 64
E52: characters.nchar | F52: 50
I54: CPU time (seconds) | J54: =SUM(J4:J50) -> 1760.61 | K54: =SUM(K4:K50) -> 2027.61 | L54: =SUM(L4:L50) -> 1851.93 | M54: =SUM(M4:M50) -> 1830.19 | N54: =SUM(N4:N50) -> 1930.64 | O54: =AVERAGE(J54:N54) -> 1880.196
I56: Polynomial selection | J56: =SUM(J4:J18)/J54 -> 0.068021879 | K56: =SUM(K4:K18)/K54 -> 0.057787247 | L56: =SUM(L4:L18)/L54 -> 0.063857705 | M56: =SUM(M4:M18)/M54 -> 0.066457581 | N56: =SUM(N4:N18)/N54 -> 0.062828906 | O56: =AVERAGE(J56:N56) -> 0.063790664
I57: Lattice Sieving | J57: =J25/J54 -> 0.83106423 | K57: =K25/K54 -> 0.87497102 | L57: =L25/L54 -> 0.86183603 | M57: =M25/M54 -> 0.82358662 | N57: =N25/N54 -> 0.85998943 | O57: =AVERAGE(J57:N57) -> 0.85028947
I58: Filtering | J58: =SUM(J38:J42)/J54 -> 0.023315783 | K58: =SUM(K38:K42)/K54 -> 0.020669655 | L58: =SUM(L38:L42)/L54 -> 0.024369172 | M58: =SUM(M38:M42)/M54 -> 0.026314208 | N58: =SUM(N38:N42)/N54 -> 0.023950607 | O58: =AVERAGE(J58:N58) -> 0.023723885
I59: Linear Algebra | J59: =SUM(J47:J49)/J54 -> 0.077598105 | K59: =SUM(K47:K49)/K54 -> 0.046572073 | L59: =SUM(L47:L49)/L54 -> 0.049937093 | M59: =SUM(M47:M49)/M54 -> 0.083641589 | N59: =SUM(N47:N49)/N54 -> 0.053231053 | O59: =AVERAGE(J59:N59) -> 0.062195982
J61: =J57/J59 -> 10.709852 | K61: =K57/K59 -> 18.787462 | L61: =L57/L59 -> 17.258434 | M61: =M57/M59 -> 9.8466161 | N61: =N57/N59 -> 16.155785 | O61: =AVERAGE(J61:N61) -> 14.55163
E65: Workers:
E66: AWS | F66: 1 | G66: t2.medium

Sheet c95
B2: c95 | J2: Run
E3: Parameters | I3: Execution | J3: c95_1 | K3: c95_2 | L3: c95_3 | M3: c95_4 | N3: c95_5 | O3: Mean
B4: Prev | D4: Polynomial selection | E4: Primary: | G4: Job control: | I4: Size optimization | J4: 65.55 | K4: 65.69 | L4: 66.3 | M4: 65.74 | N4: 65.8 | O4: =AVERAGE(J4:N4) -> 65.816 | R4: =O4+O13 -> 114.994
E5: ad | G5: incr | H5: 60
B6: Contents | E6: - min: | F6: 0 | G6: ad
E7: - max: | F7: 150000 | G7: - range: | H7: 10000
B8: Next | E8: P | F8: 10000 | G8: threads
E9: sopteffort | F9: 0
B10: Index of Integers | E10: nq | F10: 256
E11: nrkeep | F11: 40
E12: degree | F12: 4
B13: Index of Parameters | E13: ropteffort | F13: 0.2 | I13: Root optimization | J13: 51.27 | K13: 49.44 | L13: 49.43 | M13: 47.31 | N13: 48.44 | O13: =AVERAGE(J13:N13) -> 49.178
I15: Generate factor base | J15: 2.19 | K15: 2.17 | L15: 2.17 | M15: 2.15 | N15: 2.16 | O15: =AVERAGE(J15:N15) -> 2.168
B16: Index of Results
I17: Generate free relations | J17: 6.1 | K17: 6.06 | L17: 6.06 | M17: 6.06 | N17: 6.03 | O17: =AVERAGE(J17:N17) -> 6.062
I21: MurphyE of poly found: | J21: 3.8e-08 | K21: 3.89e-08 | L21: 3.81e-08 | M21: 3.98e-08 | N21: 2.89e-08 | O21: =AVERAGE(J21:N21) -> 3.674e-08
J23: Run
E24: Parameters | I24: Execution | J24: c95_1 | K24: c95_2 | L24: c95_3 | M24: c95_4 | N24: c95_5 | O24: Mean
D25: Lattice Sieving | E25: Primary: | G25: Job control: | I25: Lattice Sieving | J25: 3843.23 | K25: 4698.23 | L25: 4022.74 | M25: 4017.25 | N25: 5645.35 | O25: =AVERAGE(J25:N25) -> 4445.36
E26: mfb0 | F26: 22 | G26: qmin | H26: 52140
E27: mfb1 | F27: 45 | G27: qrange | H27: 2000
E28: lambda0 | G28: threads
E29: lambda1
E30: ncurves0 | F30: 2
E31: ncurves1 | F31: 13
E32: sqside
E33: I | F33: 13
J36: Run
E37: Parameters | I37: Execution | J37: c95_1 | K37: c95_2 | L37: c95_3 | M37: c95_4 | N37: c95_5 | O37: Mean
D38: Filtering | E38: purge.keep | F38: 160 | I38: Duplicate Removal, splitting pass: | J38: 1.98 | K38: 1.81 | L38: 1.89 | M38: 1.95 | N38: 1.9 | O38: =AVERAGE(J38:N38) -> 1.906
E39: add_ratio | I39: Duplicate Removal, removal pass: | J39: 7.34 | K39: 6.69 | L39: 6.71 | M39: 6.76 | N39: 6.63 | O39: =AVERAGE(J39:N39) -> 6.826
E40: maxlevel | F40: 20 | I40: Singleton removal | J40: 8.31 | K40: 5.57 | L40: 7.13 | M40: 7.24 | N40: 5.13 | O40: =AVERAGE(J40:N40) -> 6.676
E41: target_density | F41: 170 | I41: Merging - merge | J41: 25.65 | K41: 31.41 | L41: 26.92 | M41: 28.3 | N41: 35.82 | O41: =AVERAGE(J41:N41) -> 29.62
E42: required_excess | I42: Merging - replay | J42: 3.08 | K42: 3.69 | L42: 3.23 | M42: 3.37 | N42: 4.03 | O42: =AVERAGE(J42:N42) -> 3.48
J45: Run
E46: Parameters | I46: Execution | J46: c95_1 | K46: c95_2 | L46: c95_3 | M46: c95_4 | N46: c95_5 | O46: Mean
D47: Linear Algebra | E47: Primary: | G47: Job control: | I47: Total | J47: 86.04 | K47: 128.82 | L47: 97.17 | M47: 57.75 | N47: 150.08 | O47: =AVERAGE(J47:N47) -> 103.972
E48: interval | F48: 100 | G48: bwc.threads | I48: Quadratic | J48: 2.54 | K48: 3.08 | L48: 2.73 | M48: 2.71 | N48: 3.32 | O48: =AVERAGE(J48:N48) -> 2.876
E49: interleaving | F49: 0 | G49: characters.threads | I49: Square root | J49: 13.71 | K49: 14.55 | L49: 24.69 | M49: 13.78 | N49: 16.66 | O49: =AVERAGE(J49:N49) -> 16.678
E50: m | F50: 64
E51: n | F51: 64
E52: characters.nchar | F52: 50
I54: CPU time (seconds) | J54: =SUM(J4:J50) -> 4116.99 | K54: =SUM(K4:K50) -> 5017.21 | L54: =SUM(L4:L50) -> 4317.17 | M54: =SUM(M4:M50) -> 4260.37 | N54: =SUM(N4:N50) -> 5991.35 | O54: =AVERAGE(J54:N54) -> 4740.618
I56: Polynomial selection | J56: =SUM(J4:J18)/J54 -> 0.030388706 | K56: =SUM(K4:K18)/K54 -> 0.02458737 | L56: =SUM(L4:L18)/L54 -> 0.028713254 | M56: =SUM(M4:M18)/M54 -> 0.028462317 | N56: =SUM(N4:N18)/N54 -> 0.02043446 | O56: =AVERAGE(J56:N56) -> 0.026517221
I57: Lattice Sieving | J57: =J25/J54 -> 0.93350482 | K57: =K25/K54 -> 0.93642283 | L57: =L25/L54 -> 0.93180023 | M57: =M25/M54 -> 0.94293453 | N57: =N25/N54 -> 0.94225008 | O57: =AVERAGE(J57:N57) -> 0.9373825
I58: Filtering | J58: =SUM(J38:J42)/J54 -> 0.011260654 | K58: =SUM(K38:K42)/K54 -> 0.0098002675 | L58: =SUM(L38:L42)/L54 -> 0.010627332 | M58: =SUM(M38:M42)/M54 -> 0.011177433 | N58: =SUM(N38:N42)/N54 -> 0.0089312092 | O58: =AVERAGE(J58:N58) -> 0.010359379
I59: Linear Algebra | J59: =SUM(J47:J49)/J54 -> 0.024845822 | K59: =SUM(K47:K49)/K54 -> 0.02918953 | L59: =SUM(L47:L49)/L54 -> 0.028859183 | M59: =SUM(M47:M49)/M54 -> 0.017425717 | N59: =SUM(N47:N49)/N54 -> 0.028384254 | O59: =AVERAGE(J59:N59) -> 0.025740901
J61: =J57/J59 -> 37.571903 | K61: =K57/K59 -> 32.080778 | L61: =L57/L59 -> 32.287824 | M61: =M57/M59 -> 54.111665 | N61: =N57/N59 -> 33.196225 | O61: =AVERAGE(J61:N61) -> 37.849679
I63: Wall clock (seconds): | J63: 410.503 | K63: 506.719 | L63: 464.571 | M63: 463.797 | O63: =AVERAGE(J63:N63) -> 461.3975
E65: Workers:
E66: AWS | F66: 1 | G66: t2.medium
E67: AWS | F67: 25 | G67: t2.micro

Sheet c100
B2: c100 | J2: Run
E3: Parameters | I3: Execution | J3: c100_1 | K3: c100_2 | L3: c100_3 | M3: c100_4 | N3: c100_5 | O3: Mean
B4: Prev | D4: Polynomial selection | E4: Primary: | G4: Job control: | I4: Size optimization | J4: 62.39 | K4: 62.82 | L4: 62.87 | M4: 62.85 | N4: 62.25 | O4: =AVERAGE(J4:N4) -> 62.636 | R4: =O4+O13 -> 135.854
E5: ad | G5: incr | H5: 60
B6: Contents | E6: - min: | F6: 0 | G6: ad
E7: - max: | F7: 500000 | G7: - range: | H7: 10000
B8: Next | E8: P | F8: 10000 | G8: threads
E9: sopteffort | F9: 0
B10: Index of Integers | E10: nq | F10: 64
E11: nrkeep | F11: 40
E12: degree | F12: 4
B13: Index of Parameters | E13: ropteffort | F13: 0.5 | I13: Root optimization | J13: 72.77 | K13: 73.75 | L13: 74.65 | M13: 70.38 | N13: 74.54 | O13: =AVERAGE(J13:N13) -> 73.218
I15: Generate factor base | J15: 0.83 | K15: 0.85 | L15: 0.85 | M15: 0.84 | N15: 0.86 | O15: =AVERAGE(J15:N15) -> 0.846
B16: Index of Results
I17: Generate free relations | J17: 23.65 | K17: 23.68 | L17: 23.88 | M17: 23.58 | N17: 23.77 | O17: =AVERAGE(J17:N17) -> 23.712
I21: MurphyE of poly found: | J21: 1.06e-08 | K21: 9.93e-09 | L21: 9.89e-09 | M21: 8.73e-09 | N21: 9.95e-09 | O21: =AVERAGE(J21:N21) -> 9.82e-09
J23: Run
E24: Parameters | I24: Execution | J24: c100_1 | K24: c100_2 | L24: c100_3 | M24: c100_4 | N24: c100_5 | O24: Mean
D25: Lattice Sieving | E25: Primary: | G25: Job control: | I25: Lattice Sieving | J25: 6385.13 | K25: 7076.9 | L25: 7380.57 | M25: 76356.6 | N25: 70550.6 | O25: =AVERAGE(J25:N25) -> 33549.96
E26: mfb0 | F26: 49 | G26: qmin | H26: 1051872
E27: mfb1 | F27: 50 | G27: qrange | H27: 10000
E28: lambda0 | G28: threads
E29: lambda1
E30: ncurves0 | F30: 11
E31: ncurves1 | F31: 16
E32: sqside
E33: I | F33: 11
J36: Run
E37: Parameters | I37: Execution | J37: c100_1 | K37: c100_2 | L37: c100_3 | M37: c100_4 | N37: c100_5 | O37: Mean
D38: Filtering | E38: purge.keep | F38: 160 | I38: Duplicate Removal, splitting pass: | J38: 5.49 | K38: 5.74 | L38: 7.2 | M38: 5.76 | N38: 5.71 | O38: =AVERAGE(J38:N38) -> 5.98
E39: add_ratio | I39: Duplicate Removal, removal pass: | J39: 21.17 | K39: 22.1 | L39: 22.16 | M39: 21.3 | N39: 22.72 | O39: =AVERAGE(J39:N39) -> 21.89
E40: maxlevel | F40: 20 | I40: Singleton removal | J40: 18.66 | K40: 18.45 | L40: 19.66 | M40: 15.39 | N40: 19.46 | O40: =AVERAGE(J40:N40) -> 18.324
E41: target_density | F41: 170 | I41: Merging - merge | J41: 61.43 | K41: 66.62 | L41: 66.82 | M41: 83.91 | N41: 70.36 | O41: =AVERAGE(J41:N41) -> 69.828
E42: required_excess | I42: Merging - replay | J42: 6.76 | K42: 7.08 | L42: 7.06 | M42: 8.37 | N42: 7.47 | O42: =AVERAGE(J42:N42) -> 7.348
J45: Run
E46: Parameters | I46: Execution | J46: c100_1 | K46: c100_2 | L46: c100_3 | M46: c100_4 | N46: c100_5 | O46: Mean
D47: Linear Algebra | E47: Primary: | G47: Job control: | I47: Total | J47: 472 | K47: 570.97 | L47: 554.06 | M47: 733.04 | N47: 612.9 | O47: =AVERAGE(J47:N47) -> 588.594
E48: interval | F48: 1000 | G48: bwc.threads | I48: Quadratic | J48: 5.41 | K48: 5.64 | L48: 5.6 | M48: 6.58 | N48: 5.79 | O48: =AVERAGE(J48:N48) -> 5.804
E49: interleaving | F49: 0 | G49: characters.threads | I49: Square root | J49: 26.78 | K49: 27.11 | L49: 30.7 | M49: 32.84 | N49: 31.16 | O49: =AVERAGE(J49:N49) -> 29.718
E50: m | F50: 64
E51: n | F51: 64
E52: characters.nchar | F52: 50
I54: CPU time (seconds) | J54: =SUM(J4:J50) -> 7162.47 | K54: =SUM(K4:K50) -> 7961.71 | L54: =SUM(L4:L50) -> 8256.08 | M54: =SUM(M4:M50) -> 77421.44 | N54: =SUM(N4:N50) -> 71487.59 | O54: =AVERAGE(J54:N54) -> 34457.858
I56: Polynomial selection | J56: =SUM(J4:J18)/J54 -> 0.022288401 | K56: =SUM(K4:K18)/K54 -> 0.020234347 | L56: =SUM(L4:L18)/L54 -> 0.019652184 | M56: =SUM(M4:M18)/M54 -> 0.0020362577 | N56: =SUM(N4:N18)/N54 -> 0.0022580143 | O56: =AVERAGE(J56:N56) -> 0.013293841
I57: Lattice Sieving | J57: =J25/J54 -> 0.8914704 | K57: =K25/K54 -> 0.88886684 | L57: =L25/L54 -> 0.89395573 | M57: =M25/M54 -> 0.98624619 | N57: =N25/N54 -> 0.98689297 | O57: =AVERAGE(J57:N57) -> 0.92948642
I58: Filtering | J58: =SUM(J38:J42)/J54 -> 0.015847885 | K58: =SUM(K38:K42)/K54 -> 0.015070883 | L58: =SUM(L38:L42)/L54 -> 0.014885999 | M58: =SUM(M38:M42)/M54 -> 0.0017402156 | N58: =SUM(N38:N42)/N54 -> 0.0017586269 | O58: =AVERAGE(J58:N58) -> 0.0098607219
I59: Linear Algebra | J59: =SUM(J47:J49)/J54 -> 0.070393314 | K59: =SUM(K47:K49)/K54 -> 0.075827931 | L59: =SUM(L47:L49)/L54 -> 0.07150609 | M59: =SUM(M47:M49)/M54 -> 0.0099773396 | N59: =SUM(N47:N49)/N54 -> 0.009090389 | O59: =AVERAGE(J59:N59) -> 0.047359013
J61: =J57/J59 -> 12.664135 | K61: =K57/K59 -> 11.722156 | L61: =L57/L59 -> 12.501812 | M61: =M57/M59 -> 98.848614 | N61: =N57/N59 -> 108.56444 | O61: =AVERAGE(J61:N61) -> 48.860231
I63: Wall clock (seconds): | J63: 957.636 | K63: 1103.54 | L63: 1095.29 | M63: 4429.57 | N63: 3948.06 | O63: =AVERAGE(J63:N63) -> 2306.8192
E65: Workers:
E66: AWS | F66: 1 | G66: t2.medium
E67: AWS | F67: 25 | G67: t2.micro

Sheet c105
B2: c105 | J2: Run
E3: Parameters | I3: Execution | J3: c105_1 | K3: c105_2 | L3: c105_3 | M3: c105_4 | N3: c105_5 | O3: Mean
B4: Prev | D4: Polynomial selection | E4: Primary: | G4: Job control: | I4: Size optimization | J4: 219.68 | K4: 222.98 | L4: 219.85 | M4: 220.01 | N4: 221.21 | O4: =AVERAGE(J4:N4) -> 220.746 | R4: =O4+O13 -> 369.99
E5: ad | G5: incr | H5: 60
B6: Contents | E6: - min: | F6: 0 | G6: ad
E7: - max: | F7: 500000 | G7: - range: | H7: 5000
B8: Next | E8: P | F8: 10000 | G8: threads
E9: sopteffort | F9: 0
B10: Index of Integers | E10: nq | F10: 256
E11: nrkeep | F11: 50
E12: degree | F12: 4
B13: Index of Parameters | E13: ropteffort | F13: 1 | I13: Root optimization | J13: 108.69 | K13: 308.11 | L13: 110.54 | M13: 109.6 | N13: 109.28 | O13: =AVERAGE(J13:N13) -> 149.244
I15: Generate factor base | J15: 0.97 | K15: 0.98 | L15: 0.96 | M15: 0.97 | N15: 0.98 | O15: =AVERAGE(J15:N15) -> 0.972
B16: Index of Results
I17: Generate free relations | J17: 12.07 | K17: 12.13 | L17: 12.08 | M17: 12.09 | N17: 12.06 | O17: =AVERAGE(J17:N17) -> 12.086
I21: MurphyE of poly found: | J21: 4.51e-09 | K21: 4.11e-09 | L21: 4.75e-09 | M21: 4.09e-09 | N21: 5.18e-09 | O21: =AVERAGE(J21:N21) -> 4.528e-09
J23: Run
E24: Parameters | I24: Execution | J24: c105_1 | K24: c105_2 | L24: c105_3 | M24: c105_4 | N24: c105_5 | O24: Mean
D25: Lattice Sieving | E25: Primary: | G25: Job control: | I25: Lattice Sieving | J25: 137139 | K25: 169752 | L25: 13488.8 | M25: 15635.7 | N25: 13978.8 | O25: =AVERAGE(J25:N25) -> 69998.86
E26: mfb0 | F26: 47 | G26: qmin | H26: 1536958
E27: mfb1 | F27: 52 | G27: qrange | H27: 5000
E28: lambda0 | G28: threads
E29: lambda1
E30: ncurves0 | F30: 14
E31: ncurves1 | F31: 4
E32: sqside
E33: I | F33: 11
J36: Run
E37: Parameters | I37: Execution | J37: c105_1 | K37: c105_2 | L37: c105_3 | M37: c105_4 | N37: c105_5 | O37: Mean
D38: Filtering | E38: purge.keep | F38: 160 | I38: Duplicate Removal, splitting pass: | J38: 5.11 | K38: 5.53 | L38: 4.84 | M38: 5.05 | N38: 4.99 | O38: =AVERAGE(J38:N38) -> 5.104
E39: add_ratio | I39: Duplicate Removal, removal pass: | J39: 29.16 | K39: 29.63 | L39: 27.07 | M39: 26.72 | N39: 26.52 | O39: =AVERAGE(J39:N39) -> 27.82
E40: maxlevel | F40: 20 | I40: Singleton removal | J40: 24.67 | K40: 24.26 | L40: 20.87 | M40: 21 | N40: 20.86 | O40: =AVERAGE(J40:N40) -> 22.332
E41: target_density | F41: 170 | I41: Merging - merge | J41: 111.6 | K41: 121.91 | L41: 111.96 | M41: 115.9 | N41: 114.06 | O41: =AVERAGE(J41:N41) -> 115.086
E42: required_excess | I42: Merging - replay | J42: 24.67 | K42: 11.84 | L42: 10.78 | M42: 11.24 | N42: 10.89 | O42: =AVERAGE(J42:N42) -> 13.884
J45: Run
E46: Parameters | I46: Execution | J46: c105_1 | K46: c105_2 | L46: c105_3 | M46: c105_4 | N46: c105_5 | O46: Mean
D47: Linear Algebra | E47: Primary: | G47: Job control: | I47: Total | J47: 1189.26 | K47: 1532.43 | L47: 1217.48 | M47: 1249.65 | N47: 1203.48 | O47: =AVERAGE(J47:N47) -> 1278.46
E48: interval | F48: 1000 | G48: bwc.threads | I48: Quadratic | J48: 8.19 | K48: 8.84 | L48: 8.36 | M48: 8.5 | N48: 8.45 | O48: =AVERAGE(J48:N48) -> 8.468
E49: interleaving | F49: 0 | G49: characters.threads | I49: Square root | J49: 47.11 | K49: 53.35 | L49: 45.38 | M49: 48.32 | N49: 45.82 | O49: =AVERAGE(J49:N49) -> 47.996
E50: m | F50: 64
E51: n | F51: 64
E52: characters.nchar | F52: 50
I54: CPU time (seconds) | J54: =SUM(J4:J50) -> 138920.18 | K54: =SUM(K4:K50) -> 172083.99 | L54: =SUM(L4:L50) -> 15278.97 | M54: =SUM(M4:M50) -> 17464.75 | N54: =SUM(N4:N50) -> 15757.4 | O54: =AVERAGE(J54:N54) -> 71901.058
I56: Polynomial selection | J56: =SUM(J4:J18)/J54 -> 0.0024575983 | K56: =SUM(K4:K18)/K54 -> 0.0031624092 | L56: =SUM(L4:L18)/L54 -> 0.0224773 | M56: =SUM(M4:M18)/M54 -> 0.019620664 | N56: =SUM(N4:N18)/N54 -> 0.021801185 | O56: =AVERAGE(J56:N56) -> 0.013903832
I57: Lattice Sieving | J57: =J25/J54 -> 0.98717839 | K57: =K25/K54 -> 0.98644854 | L57: =L25/L54 -> 0.88283438 | M57: =M25/M54 -> 0.8952719 | N57: =N25/N54 -> 0.88712605 | O57: =AVERAGE(J57:N57) -> 0.92777185
I58: Filtering | J58: =SUM(J38:J42)/J54 -> 0.0014051954 | K58: =SUM(K38:K42)/K54 -> 0.0011225332 | L58: =SUM(L38:L42)/L54 -> 0.011487685 | M58: =SUM(M38:M42)/M54 -> 0.010301321 | N58: =SUM(N38:N42)/N54 -> 0.011253126 | O58: =AVERAGE(J58:N58) -> 0.0071139722
I59: Linear Algebra | J59: =SUM(J47:J49)/J54 -> 0.0089588136 | K59: =SUM(K47:K49)/K54 -> 0.0092665215 | L59: =SUM(L47:L49)/L54 -> 0.083200635 | M59: =SUM(M47:M49)/M54 -> 0.074806109 | N59: =SUM(N47:N49)/N54 -> 0.07981964 | O59: =AVERAGE(J59:N59) -> 0.051210344
J61: =J57/J59 -> 110.19075 | K61: =K57/K59 -> 106.45295 | L61: =L57/L59 -> 10.610909 | M61: =M57/M59 -> 11.967898 | N61: =N57/N59 -> 11.114132 | O61: =AVERAGE(J61:N61) -> 50.067328
I63: Wall clock (seconds): | J63: 7138.08 | K63: 8843.64 | L63: 2032.16 | M63: 2159.22 | N63: 2055.15 | O63: =AVERAGE(J63:N63) -> 4445.65
E65: Workers:
E66: AWS | F66: 1 | G66: t2.medium
E67: AWS | F67: 25 | G67: t2.micro

Sheet c110
B2: c110 | J2: Run
E3: Parameters | I3: Execution | J3: c110_1 | K3: c110_2 | L3: c110_3 | M3: c110_4 | N3: c110_5 | O3: Mean
B4: Prev | D4: Polynomial selection | E4: Primary: | G4: Job control: | I4: Size optimization | J4: 1107.02 | K4: 1121.11 | L4: 1108.89 | M4: 1127.3 | N4: 1116.47 | O4: =AVERAGE(J4:N4) -> 1116.158 | R4: =O4+O13 -> 1463.864
E5: ad | G5: incr | H5: 60
B6: Contents | E6: - min: | F6: 0 | G6: ad
E7: - max: | F7: 500000 | G7: - range: | H7: 5000
B8: Next | E8: P | F8: 10000 | G8: threads
E9: sopteffort | F9: 0
B10: Index of Integers | E10: nq | F10: 625
E11: nrkeep | F11: 100
E12: degree | F12: 5
B13: Index of Parameters | E13: ropteffort | F13: 1 | I13: Root optimization | J13: 365.63 | K13: 344.93 | L13: 361.77 | M13: 321.52 | N13: 344.68 | O13: =AVERAGE(J13:N13) -> 347.706
I15: Generate factor base | J15: 3.65 | K15: 3.69 | L15: 3.65 | M15: 3.68 | N15: 3.63 | O15: =AVERAGE(J15:N15) -> 3.66
B16: Index of Results
I17: Generate free relations | J17: 31.88 | K17: 31.87 | L17: 31.98 | M17: 32.12 | N17: 31.75 | O17: =AVERAGE(J17:N17) -> 31.92
I21: MurphyE of poly found: | J21: 4.94e-09 | K21: 5.1e-09 | L21: 5.25e-09 | M21: 4.93e-09 | N21: 4.82e-09 | O21: =AVERAGE(J21:N21) -> 5.008e-09
J23: Run
E24: Parameters | I24: Execution | J24: c30_1 | K24: c30_2 | L24: c30_3 | M24: c30_4 | N24: c30_5 | O24: Mean
D25: Lattice Sieving | E25: Primary: | G25: Job control: | I25: Lattice Sieving | J25: 28310.9 | K25: 23986.3 | L25: 27185.1 | M25: 26488.5 | N25: 26758.2 | O25: =AVERAGE(J25:N25) -> 26545.8
E26: mfb0 | F26: 55 | G26: qmin | H26: 971708
E27: mfb1 | F27: 51 | G27: qrange | H27: 10000
E28: lambda0 | G28: threads
E29: lambda1
E30: ncurves0 | F30: 10
E31: ncurves1 | F31: 17
E32: sqside
E33: I | F33: 12
J36: Run
E37: Parameters | I37: Execution | J37: c30_1 | K37: c30_2 | L37: c30_3 | M37: c30_4 | N37: c30_5 | O37: Mean
D38: Filtering | E38: purge.keep | F38: 160 | I38: Duplicate Removal, splitting pass: | J38: 8.44 | K38: 8.13 | L38: 8.3 | M38: 8.21 | N38: 8.39 | O38: =AVERAGE(J38:N38) -> 8.294
E39: add_ratio | I39: Duplicate Removal, removal pass: | J39: 49.25 | K39: 38.53 | L39: 39.74 | M39: 39.04 | N39: 40.21 | O39: =AVERAGE(J39:N39) -> 41.354
E40: maxlevel | F40: 20 | I40: Singleton removal | J40: 36.71 | K40: 25.88 | L40: 24.14 | M40: 22.79 | N40: 27.76 | O40: =AVERAGE(J40:N40) -> 27.456
E41: target_density | F41: 170 | I41: Merging - merge | J41: 149.61 | K41: 129.69 | L41: 148.5 | M41: 154.72 | N41: 126.66 | O41: =AVERAGE(J41:N41) -> 141.836
E42: required_excess | I42: Merging - replay | J42: 15.2 | K42: 13.34 | L42: 15.13 | M42: 15.56 | N42: 13.35 | O42: =AVERAGE(J42:N42) -> 14.516
J45: Run
E46: Parameters | I46: Execution | J46: c30_1 | K46: c30_2 | L46: c30_3 | M46: c30_4 | N46: c30_5 | O46: Mean
D47: Linear Algebra | E47: Primary: | G47: Job control: | I47: Total | J47: 2275.19 | K47: 1551.45 | L47: 2066.71 | M47: 2325.43 | N47: 1762.61 | O47: =AVERAGE(J47:N47) -> 1996.278
E48: interval | F48: 1000 | G48: bwc.threads | I48: Quadratic | J48: 12.23 | K48: 10.84 | L48: 12.3 | M48: 12.46 | N48: 10.89 | O48: =AVERAGE(J48:N48) -> 11.744
E49: interleaving | F49: 0 | G49: characters.threads | I49: Square root | J49: 90.24 | K49: 77.31 | L49: 80.59 | M49: 81.74 | N49: 258.84 | O49: =AVERAGE(J49:N49) -> 117.744
E50: m | F50: 64
E51: n | F51: 64
E52: characters.nchar | F52: 50
I54: CPU time (seconds) | J54: =SUM(J4:J50) -> 32455.95 | K54: =SUM(K4:K50) -> 27343.07 | L54: =SUM(L4:L50) -> 31086.8 | M54: =SUM(M4:M50) -> 30633.07 | N54: =SUM(N4:N50) -> 30503.44 | O54: =AVERAGE(J54:N54) -> 30404.466
I56: Polynomial selection | J56: =SUM(J4:J18)/J54 -> 0.046468521 | K56: =SUM(K4:K18)/K54 -> 0.054917023 | L56: =SUM(L4:L18)/L54 -> 0.048454328 | M56: =SUM(M4:M18)/M54 -> 0.048464617 | N56: =SUM(N4:N18)/N54 -> 0.049061024 | O56: =AVERAGE(J56:N56) -> 0.049473103
I57: Lattice Sieving | J57: =J25/J54 -> 0.8722869 | K57: =K25/K54 -> 0.87723507 | L57: =L25/L54 -> 0.87449014 | M57: =M25/M54 -> 0.86470275 | N57: =N25/N54 -> 0.87721909 | O57: =AVERAGE(J57:N57) -> 0.87318679
I58: Filtering | J58: =SUM(J38:J42)/J54 -> 0.0079865171 | K58: =SUM(K38:K42)/K54 -> 0.0078838989 | L58: =SUM(L38:L42)/L54 -> 0.0075855347 | M58: =SUM(M38:M42)/M54 -> 0.0078451164 | N58: =SUM(N38:N42)/N54 -> 0.0070932983 | O58: =AVERAGE(J58:N58) -> 0.0076788731
I59: Linear Algebra | J59: =SUM(J47:J49)/J54 -> 0.073258062 | K59: =SUM(K47:K49)/K54 -> 0.059964006 | L59: =SUM(L47:L49)/L54 -> 0.06947 | M59: =SUM(M47:M49)/M54 -> 0.078987513 | N59: =SUM(N47:N49)/N54 -> 0.066626584 | O59: =AVERAGE(J59:N59) -> 0.069661233
J61: =J57/J59 -> 11.907043 | K61: =K57/K59 -> 14.629361 | L61: =L57/L59 -> 12.588026 | M61: =M57/M59 -> 10.947335 | N61: =N57/N59 -> 13.166203 | O61: =AVERAGE(J61:N61) -> 12.647593
I63: Wall clock (seconds): | J63: 3511.03 | K63: 2603.63 | L63: 3244.02 | M63: 3531.11 | N63: 2984.06 | O63: =AVERAGE(J63:N63) -> 3174.77
E65: Workers:
E66: AWS | F66: 1 | G66: t2.medium
E67: AWS | F67: 18 | G67: c5.large

Sheet c115
B2: c115 | J2: Run
E3: Parameters | I3: Execution | J3: c115_1 | K3: c115_2 | L3: c115_3 | M3: c115_4 | N3: c115_5 | O3: Mean
B4: Prev | D4: Polynomial selection | E4: Primary: | G4: Job control: | I4: Size optimization | J4: 1103.87 | K4: 1104.3 | L4: 1104.61 | M4: 1102.84 | N4: 1105.23 | O4: =AVERAGE(J4:N4) -> 1104.17
E5: ad | G5: incr | H5: 60
B6: Contents | E6: - min: | F6: 0 | G6: ad
E7: - max: | F7: 1000000 | G7: - range: | H7: 10000
B8: Next | E8: P | F8: 10000 | G8: threads
E9: sopteffort | F9: 0
B10: Index of Integers | E10: nq | F10: 625
E11: nrkeep | F11: 100
E12: degree | F12: 4
B13: Index of Parameters | E13: ropteffort | F13: 1 | I13: Root optimization | J13: 220.29 | K13: 224.77 | L13: 224.64 | M13: 218.37 | N13: 220.48 | O13: =AVERAGE(J13:N13) -> 221.71
I15: Generate factor base | O15: =AVERAGE(J15:N15) -> #DIV/0!
B16: Index of Results
I17: Generate free relations | O17: =AVERAGE(J17:N17) -> #DIV/0!
I21: MurphyE of poly found: | J21: 2.11e-09 | K21: 2.07e-09 | L21: 2.09e-09 | M21: 2e-09 | N21: 2.12e-09 | O21: =AVERAGE(J21:N21) -> 2.078e-09
J23: Run
E24: Parameters | I24: Execution | J24: c115_1 | K24: c115_2 | L24: c115_3 | M24: c115_4 | N24: c115_5 | O24: Mean
D25: Lattice Sieving | E25: Primary: | G25: Job control: | I25: Lattice Sieving | O25: =AVERAGE(J25:N25) -> #DIV/0!
E26: mfb0 | F26: 67 | G26: qmin | H26: 2500740
E27: mfb1 | F27: 51 | G27: qrange | H27: 2000
E28: lambda0 | G28: threads
E29: lambda1
E30: ncurves0 | F30: 8
E31: ncurves1 | F31: 11
E32: sqside
E33: I | F33: 13
J36: Run
E37: Parameters | I37: Execution | J37: c115_1 | K37: c115_2 | L37: c115_3 | M37: c115_4 | N37: c115_5 | O37: Mean
D38: Filtering | E38: purge.keep | F38: 160 | I38: Duplicate Removal, splitting pass: | O38: =AVERAGE(J38:N38) -> #DIV/0!
E39: add_ratio | I39: Duplicate Removal, removal pass: | O39: =AVERAGE(J39:N39) -> #DIV/0!
E40: maxlevel | F40: 20 | I40: Singleton removal | O40: =AVERAGE(J40:N40) -> #DIV/0!
E41: target_density | F41: 170 | I41: Merging - merge | O41: =AVERAGE(J41:N41) -> #DIV/0!
E42: required_excess | I42: Merging - replay | O42: =AVERAGE(J42:N42) -> #DIV/0!
J45: Run
E46: Parameters | I46: Execution | J46: c115_1 | K46: c115_2 | L46: c115_3 | M46: c115_4 | N46: c115_5 | O46: Mean
D47: Linear Algebra | E47: Primary: | G47: Job control: | I47: Total | O47: =AVERAGE(J47:N47) -> #DIV/0!
E48: interval | F48: 1000 | G48: bwc.threads | I48: Quadratic | O48: =AVERAGE(J48:N48) -> #DIV/0!
E49: interleaving | F49: 0 | G49: characters.threads | I49: Square root | O49: =AVERAGE(J49:N49) -> #DIV/0!
E50: m | F50: 64
E51: n | F51: 64
E52: characters.nchar | F52: 50
I54: CPU time (seconds) | J54: =SUM(J4:J50) -> 1324.16 | K54: =SUM(K4:K50) -> 1329.07 | L54: =SUM(L4:L50) -> 1329.25 | M54: =SUM(M4:M50) -> 1321.21 | N54: =SUM(N4:N50) -> 1325.71 | O54: =AVERAGE(J54:N54) -> 1325.88
I56: Polynomial selection | J56: =SUM(J4:J18)/J54 -> 1 | K56: =SUM(K4:K18)/K54 -> 1 | L56: =SUM(L4:L18)/L54 -> 1 | M56: =SUM(M4:M18)/M54 -> 1 | N56: =SUM(N4:N18)/N54 -> 1 | O56: =AVERAGE(J56:N56) -> 1
I57: Lattice Sieving | J57: =J25/J54 -> 0 | K57: =K25/K54 -> 0 | L57: =L25/L54 -> 0 | M57: =M25/M54 -> 0 | N57: =N25/N54 -> 0 | O57: =AVERAGE(J57:N57) -> 0
I58: Filtering | J58: =SUM(J38:J42)/J54 -> 0 | K58: =SUM(K38:K42)/K54 -> 0 | L58: =SUM(L38:L42)/L54 -> 0 | M58: =SUM(M38:M42)/M54 -> 0 | N58: =SUM(N38:N42)/N54 -> 0 | O58: =AVERAGE(J58:N58) -> 0
I59: Linear Algebra | J59: =SUM(J47:J49)/J54 -> 0 | K59: =SUM(K47:K49)/K54 -> 0 | L59: =SUM(L47:L49)/L54 -> 0 | M59: =SUM(M47:M49)/M54 -> 0 | N59: =SUM(N47:N49)/N54 -> 0 | O59: =AVERAGE(J59:N59) -> 0
J61: =J57/J59 -> #DIV/0! | K61: =K57/K59 -> #DIV/0! | L61: =L57/L59 -> #DIV/0! | M61: =M57/M59 -> #DIV/0! | N61: =N57/N59 -> #DIV/0! | O61: =AVERAGE(J61:N61) -> #DIV/0!
I63: Wall clock (seconds): | O63: =AVERAGE(J63:N63) -> #DIV/0!
E65: Workers:
E66: AWS | F66: 1 | G66: t2.medium
E67: AWS | F67: 18 | G67: c5.large

Sheet c120
B2: c120 | J2: Run
E3: Parameters | I3: Execution | J3: c120_1 | K3: c120_2 | L3: c120_3 | M3: c120_4 | N3: c120_5 | O3: Mean
B4: Prev | D4: Polynomial selection | E4: Primary: | G4: Job control: | I4: Size optimization | J4: 1316.48 | K4: 1331.2 | L4: 1315.81 | M4: 1320.25 | N4: 1330.13 | O4: =AVERAGE(J4:N4) -> 1322.774
E5: ad | G5: incr | H5: 60
B6: Contents | E6: - min: | F6: 0 | G6: ad
E7: - max: | F7: 50000 | G7: - range: | H7: 500
B8: Next | E8: P | F8: 50000 | G8: threads
E9: sopteffort | F9: 0
B10: Index of Integers | E10: nq | F10: 3125
E11: nrkeep | F11: 100
E12: degree | F12: 5
B13: Index of Parameters | E13: ropteffort | F13: 1 | I13: Root optimization | J13: 618.4 | K13: 525.8 | L13: 534.11 | M13: 476.68 | N13: 535.84 | O13: =AVERAGE(J13:N13) -> 538.166
I15: Generate factor base | O15: =AVERAGE(J15:N15) -> #DIV/0!
B16: Index of Results
I17: Generate free relations | O17: =AVERAGE(J17:N17) -> #DIV/0!
I21: MurphyE of poly found: | J21: 1.69e-09 | K21: 1.83e-09 | L21: 1.74e-09 | M21: 1.87e-09 | N21: 1.87e-09 | O21: =AVERAGE(J21:N21) -> 1.8e-09
J23: Run
E24: Parameters | I24: Execution | J24: c120_1 | K24: c120_2 | L24: c120_3 | M24: c120_4 | N24: c120_5 | O24: Mean
D25: Lattice Sieving | E25: Primary: | G25: Job control: | I25: Lattice Sieving | O25: =AVERAGE(J25:N25) -> #DIV/0!
E26: mfb0 | F26: 52 | G26: qmin | H26: 148735
E27: mfb1 | F27: 54 | G27: qrange | H27: 1000
E28: lambda0 | G28: threads
E29: lambda1
E30: ncurves0 | F30: 10
E31: ncurves1 | F31: 22
E32: sqside
E33: I | F33: 14
J36: Run
E37: Parameters | I37: Execution | J37: c120_1 | K37: c120_2 | L37: c120_3 | M37: c120_4 | N37: c120_5 | O37: Mean
D38: Filtering | E38: purge.keep | F38: 160 | I38: Duplicate Removal, splitting pass: | O38: =AVERAGE(J38:N38) -> #DIV/0!
E39: add_ratio | I39: Duplicate Removal, removal pass: | O39: =AVERAGE(J39:N39) -> #DIV/0!
E40: maxlevel | F40: 25 | I40: Singleton removal | O40: =AVERAGE(J40:N40) -> #DIV/0!
E41: target_density | F41: 170 | I41: Merging - merge | O41: =AVERAGE(J41:N41) -> #DIV/0!
E42: required_excess | I42: Merging - replay | O42: =AVERAGE(J42:N42) -> #DIV/0!
J45: Run
E46: Parameters | I46: Execution | J46: c120_1 | K46: c120_2 | L46: c120_3 | M46: c120_4 | N46: c120_5 | O46: Mean
D47: Linear Algebra | E47: Primary: | G47: Job control: | I47: Total | O47: =AVERAGE(J47:N47) -> #DIV/0!
E48: interval | F48: 1000 | G48: bwc.threads | I48: Quadratic | O48: =AVERAGE(J48:N48) -> #DIV/0!
E49: interleaving | F49: 0 | G49: characters.threads | I49: Square root | O49: =AVERAGE(J49:N49) -> #DIV/0!
E50: m | F50: 64
E51: n | F51: 64
E52: characters.nchar | F52: 50
I54: CPU time (seconds) | J54: =SUM(J4:J50) -> 1934.88 | K54: =SUM(K4:K50) -> 1857 | L54: =SUM(L4:L50) -> 1849.92 | M54: =SUM(M4:M50) -> 1796.93 | N54: =SUM(N4:N50) -> 1865.97 | O54: =AVERAGE(J54:N54) -> 1860.94
I56: Polynomial selection | J56: =SUM(J4:J18)/J54 -> 1 | K56: =SUM(K4:K18)/K54 -> 1 | L56: =SUM(L4:L18)/L54 -> 1 | M56: =SUM(M4:M18)/M54 -> 1 | N56: =SUM(N4:N18)/N54 -> 1 | O56: =AVERAGE(J56:N56) -> 1
I57: Lattice Sieving | J57: =J25/J54 -> 0 | K57: =K25/K54 -> 0 | L57: =L25/L54 -> 0 | M57: =M25/M54 -> 0 | N57: =N25/N54 -> 0 | O57: =AVERAGE(J57:N57) -> 0
I58: Filtering | J58: =SUM(J38:J42)/J54 -> 0 | K58: =SUM(K38:K42)/K54 -> 0 | L58: =SUM(L38:L42)/L54 -> 0 | M58: =SUM(M38:M42)/M54 -> 0 | N58: =SUM(N38:N42)/N54 -> 0 | O58: =AVERAGE(J58:N58) -> 0
I59: Linear Algebra | J59: =SUM(J47:J49)/J54 -> 0 | K59: =SUM(K47:K49)/K54 -> 0 | L59: =SUM(L47:L49)/L54 -> 0 | M59: =SUM(M47:M49)/M54 -> 0 | N59: =SUM(N47:N49)/N54 -> 0 | O59: =AVERAGE(J59:N59) -> 0
J61: =J57/J59 -> #DIV/0! | K61: =K57/K59 -> #DIV/0! | L61: =L57/L59 -> #DIV/0! | M61: =M57/M59 -> #DIV/0! | N61: =N57/N59 -> #DIV/0! | O61: =AVERAGE(J61:N61) -> #DIV/0!
I63: Wall clock (seconds): | O63: =AVERAGE(J63:N63) -> #DIV/0!
E65: Workers:
E66: AWS | F66: 1 | G66: t2.medium
E67: AWS | F67: 18 | G67: c5.large

Sheet c125
B2: c125 | J2: Run
E3: Parameters | I3: Execution | J3: c125_1 | K3: c125_2 | L3: c125_3 | M3: c125_4 | N3: c125_5 | O3: Mean
B4: Prev | D4: Polynomial selection | E4: Primary: | G4: Job control: | I4: Size optimization | J4: 1996.27 | K4: 1995.75 | L4: 1982.31 | M4: 1992.45 | N4: 1980.31 | O4: =AVERAGE(J4:N4) -> 1989.418
E5: ad | G5: incr | H5: 60
B6: Contents | E6: - min: | F6: 0 | G6: ad
E7: - max: | F7: 500000 | G7: - range: | H7: 5000
B8: Next | E8: P | F8: 40000 | G8: threads
E9: sopteffort | F9: 0
B10: Index of Integers | E10: nq | F10: 625
E11: nrkeep | F11: 100
E12: degree | F12: 5
B13: Index of Parameters | E13: ropteffort | F13: 5 | I13: Root optimization | J13: 1562.31 | K13: 1411.18 | L13: 1379.42 | M13: 1432.34 | N13: 1287.52 | O13: =AVERAGE(J13:N13) -> 1414.554
I15: Generate factor base | O15: =AVERAGE(J15:N15) -> #DIV/0!
B16: Index of Results
I17: Generate free relations | O17: =AVERAGE(J17:N17) -> #DIV/0!
I21: MurphyE of poly found: | J21: 6.6e-10 | K21: 6.59e-10 | L21: 6.23e-10 | M21: 6.34e-10 | N21: 5.96e-10 | O21: =AVERAGE(J21:N21) -> 6.344e-10
J23: Run
E24: Parameters | I24: Execution | J24: c125_1 | K24: c125_2 | L24: c125_3 | M24: c125_4 | N24: c125_5 | O24: Mean
D25: Lattice Sieving | E25: Primary: | G25: Job control: | I25: Lattice Sieving | O25: =AVERAGE(J25:N25) -> #DIV/0!
E26: mfb0 | F26: 57 | G26: qmin | H26: 3683755
E27: mfb1 | F27: 53 | G27: qrange | H27: 5000
E28: lambda0 | G28: threads
E29: lambda1
E30: ncurves0 | F30: 14
E31: ncurves1 | F31: 16
E32: sqside
E33: I | F33: 13
J36: Run
E37: Parameters | I37: Execution | J37: c125_1 | K37: c125_2 | L37: c125_3 | M37: c125_4 | N37: c125_5 | O37: Mean
D38: Filtering | E38: purge.keep | F38: 160 | I38: Duplicate Removal, splitting pass: | O38: =AVERAGE(J38:N38) -> #DIV/0!
E39: add_ratio | I39: Duplicate Removal, removal pass: | O39: =AVERAGE(J39:N39) -> #DIV/0!
E40: maxlevel | F40: 25 | I40: Singleton removal | O40: =AVERAGE(J40:N40) -> #DIV/0!
E41: target_density | F41: 170 | I41: Merging - merge | O41: =AVERAGE(J41:N41) -> #DIV/0!
E42: required_excess | I42: Merging - replay | O42: =AVERAGE(J42:N42) -> #DIV/0!
J45: Run
E46: Parameters | I46: Execution | J46: c125_1 | K46: c125_2 | L46: c125_3 | M46: c125_4 | N46: c125_5 | O46: Mean
D47: Linear Algebra | E47: Primary: | G47: Job control: | I47: Total | O47: =AVERAGE(J47:N47) -> #DIV/0!
E48: interval | F48: 1000 | G48: bwc.threads | I48: Quadratic | O48: =AVERAGE(J48:N48) -> #DIV/0!
E49: interleaving | F49: 0 | G49: characters.threads | I49: Square root | O49: =AVERAGE(J49:N49) -> #DIV/0!
E50: m | F50: 64
E51: n | F51: 64
E52: characters.nchar | F52: 50
I54: CPU time (seconds) | J54: =SUM(J4:J50) -> 3558.58 | K54: =SUM(K4:K50) -> 3406.93 | L54: =SUM(L4:L50) -> 3361.73 | M54: =SUM(M4:M50) -> 3424.79 | N54: =SUM(N4:N50) -> 3267.83 | O54: =AVERAGE(J54:N54) -> 3403.972
I56: Polynomial selection | J56: =SUM(J4:J18)/J54 -> 1 | K56: =SUM(K4:K18)/K54 -> 1 | L56: =SUM(L4:L18)/L54 -> 1 | M56: =SUM(M4:M18)/M54 -> 1 | N56: =SUM(N4:N18)/N54 -> 1 | O56: =AVERAGE(J56:N56) -> 1
I57: Lattice Sieving | J57: =J25/J54 -> 0 | K57: =K25/K54 -> 0 | L57: =L25/L54 -> 0 | M57: =M25/M54 -> 0 | N57: =N25/N54 -> 0 | O57: =AVERAGE(J57:N57) -> 0
I58: Filtering | J58: =SUM(J38:J42)/J54 -> 0 | K58: =SUM(K38:K42)/K54 -> 0 | L58: =SUM(L38:L42)/L54 -> 0 | M58: =SUM(M38:M42)/M54 -> 0 | N58: =SUM(N38:N42)/N54 -> 0 | O58: =AVERAGE(J58:N58) -> 0
I59: Linear Algebra | J59: =SUM(J47:J49)/J54 -> 0 | K59: =SUM(K47:K49)/K54 -> 0 | L59: =SUM(L47:L49)/L54 -> 0 | M59: =SUM(M47:M49)/M54 -> 0 | N59: =SUM(N47:N49)/N54 -> 0 | O59: =AVERAGE(J59:N59) -> 0
J61: =J57/J59 -> #DIV/0! | K61: =K57/K59 -> #DIV/0! | L61: =L57/L59 -> #DIV/0! | M61: =M57/M59 -> #DIV/0! | N61: =N57/N59 -> #DIV/0! | O61: =AVERAGE(J61:N61) -> #DIV/0!
E65: Workers:
E66: AWS | F66: 1 | G66: t2.medium
E67: AWS | F67: 18 | G67: c5.large

Sheet c130
B2: c130 | J2: Run
E3: Parameters | I3: Execution | J3: c130_1 | K3: c130_2 | L3: c130_3 | M3: c130_4 | N3: c130_5 | O3: Mean
B4: Prev | D4: Polynomial selection | E4: Primary: | G4: Job control: | I4: Size optimization | J4: 6584.45 | K4: 6581.91 | L4: 6579.25 | M4: 6554.15 | N4: 6558.47 | O4: =AVERAGE(J4:N4) -> 6571.646
E5: ad | G5: incr | H5: 60
B6: Contents | E6: - min: | F6: 0 | G6: ad
E7: - max: | F7: 1000000 | G7: - range: | H7: 10000
B8: Next | E8: P | F8: 80000 | G8: threads
E9: sopteffort | F9: 0
B10: Index of Integers | E10: nq | F10: 625
E11: nrkeep | F11: 100
E12: degree | F12: 5
B13: Index of Parameters | E13: ropteffort | F13: 10 | I13: Root optimization | J13: 2883.18 | K13: 2578.34 | L13: 2621.38 | M13: 2974.73 | N13: 2548.76 | O13: =AVERAGE(J13:N13) -> 2721.278
I15: Generate factor base | O15: =AVERAGE(J15:N15) -> #DIV/0!
B16: Index of Results
I17: Generate free relations | O17: =AVERAGE(J17:N17) -> #DIV/0!
I21: MurphyE of poly found: | J21: 1.74e-09 | K21: 1.73e-09 | L21: 1.77e-09 | M21: 1.72e-09 | N21: 1.75e-09 | O21: =AVERAGE(J21:N21) -> 1.742e-09
J23: Run
E24: Parameters | I24: Execution | J24: c130_1 | K24: c130_2 | L24: c130_3 | M24: c130_4 | N24: c130_5 | O24: Mean
D25: Lattice Sieving | E25: Primary: | G25: Job control: | I25: Lattice Sieving | O25: =AVERAGE(J25:N25) -> #DIV/0!
E26: mfb0 | F26: 55 | G26: qmin | H26: 1422541
E27: mfb1 | F27: 56 | G27: qrange | H27: 10000
E28: lambda0 | G28: threads
E29: lambda1
E30: ncurves0 | F30: 13
E31: ncurves1 | F31: 21
E32: sqside
E33: I | F33: 14
J36: Run
E37: Parameters | I37: Execution | J37: c130_1 | K37: c130_2 | L37: c130_3 | M37: c130_4 | N37: c130_5 | O37: Mean
D38: Filtering | E38: purge.keep | F38: 160 | I38: Duplicate Removal, splitting pass: | O38: =AVERAGE(J38:N38) -> #DIV/0!
E39: add_ratio | I39: Duplicate Removal, removal pass: | O39: =AVERAGE(J39:N39) -> #DIV/0!
E40: maxlevel | F40: 25 | I40: Singleton removal | O40: =AVERAGE(J40:N40) -> #DIV/0!
E41: target_density | F41: 170 | I41: Merging - merge | O41: =AVERAGE(J41:N41) -> #DIV/0!
E42: required_excess | I42: Merging - replay | O42: =AVERAGE(J42:N42) -> #DIV/0!
J45: Run
E46: Parameters | I46: Execution | J46: c130_1 | K46: c130_2 | L46: c130_3 | M46: c130_4 | N46: c130_5 | O46: Mean
D47: Linear Algebra | E47: Primary: | G47: Job control: | I47: Total | O47: =AVERAGE(J47:N47) -> #DIV/0!
E48: interval | F48: 1000 | G48: bwc.threads | I48: Quadratic | O48: =AVERAGE(J48:N48) -> #DIV/0!
E49: interleaving | F49: 0 | G49: characters.threads | I49: Square root | O49: =AVERAGE(J49:N49) -> #DIV/0!
E50: m | F50: 64
E51: n | F51: 64
E52: characters.nchar | F52: 50
I54: CPU time (seconds) | J54: =SUM(J4:J50) -> 9467.63 | K54: =SUM(K4:K50) -> 9160.25 | L54: =SUM(L4:L50) -> 9200.63 | M54: =SUM(M4:M50) -> 9528.88 | N54: =SUM(N4:N50) -> 9107.23 | O54: =AVERAGE(J54:N54) -> 9292.924
I56: Polynomial selection | J56: =SUM(J4:J18)/J54 -> 1 | K56: =SUM(K4:K18)/K54 -> 1 | L56: =SUM(L4:L18)/L54 -> 1 | M56: =SUM(M4:M18)/M54 -> 1 | N56: =SUM(N4:N18)/N54 -> 1 | O56: =AVERAGE(J56:N56) -> 1
I57: Lattice Sieving | J57: =J25/J54 -> 0 | K57: =K25/K54 -> 0 | L57: =L25/L54 -> 0 | M57: =M25/M54 -> 0 | N57: =N25/N54 -> 0 | O57: =AVERAGE(J57:N57) -> 0
I58: Filtering | J58: =SUM(J38:J42)/J54 -> 0 | K58: =SUM(K38:K42)/K54 -> 0 | L58: =SUM(L38:L42)/L54 -> 0 | M58: =SUM(M38:M42)/M54 -> 0 | N58: =SUM(N38:N42)/N54 -> 0 | O58: =AVERAGE(J58:N58) -> 0
I59: Linear Algebra | J59: =SUM(J47:J49)/J54 -> 0 | K59: =SUM(K47:K49)/K54 -> 0 | L59: =SUM(L47:L49)/L54 -> 0 | M59: =SUM(M47:M49)/M54 -> 0 | N59: =SUM(N47:N49)/N54 -> 0 | O59: =AVERAGE(J59:N59) -> 0
J61: =J57/J59 -> #DIV/0! | K61: =K57/K59 -> #DIV/0! | L61: =L57/L59 -> #DIV/0! | M61: =M57/M59 -> #DIV/0! | N61: =N57/N59 -> #DIV/0! | O61: =AVERAGE(J61:N61) -> #DIV/0!
E65: Workers:
E66: AWS | F66: 1 | G66: t2.medium
E67: AWS | F67: 18 | G67: c5.large

Sheet c135
B2: c135 | J2: Run
E3: Parameters | I3: Execution | J3: c135_1 | K3: c135_2 | L3: c135_3 | M3: c135_4 | N3: c135_5 | O3: Mean
B4: Prev | D4: Polynomial selection | E4: Primary: | G4: Job control: | I4: Size optimization | J4: 9903.98 | K4: 9972.08 | L4: 9944.23 | M4: 9954.42 | N4: 9898.02 | O4: =AVERAGE(J4:N4) -> 9934.546
E5: ad | G5: incr | H5: 60
B6: Contents | E6: - min: | F6: 0 | G6: ad
E7: - max: | F7: 200000 | G7: - range: | H7: 2000
B8: Next | E8: P | F8: 120000 | G8: threads
E9: sopteffort | F9: 0
B10: Index of Integers | E10: nq | F10: 3125
E11: nrkeep | F11: 100
E12: degree | F12: 5
B13: Index of Parameters | E13: ropteffort | F13: 10 | I13: Root optimization | J13: 3475.56 | K13: 3563.62 | L13: 3784.58 | M13: 3851.44 | N13: 3204.37 | O13: =AVERAGE(J13:N13) -> 3575.914
I15: Generate factor base | O15: =AVERAGE(J15:N15) -> #DIV/0!
B16: Index of Results
I17: Generate free relations | O17: =AVERAGE(J17:N17) -> #DIV/0!
I21: MurphyE of poly found: | J21: 3.61e-10 | K21: 4.35e-10 | L21: 3.54e-10 | M21: 4.28e-10 | N21: 3.68e-10 | O21: =AVERAGE(J21:N21) -> 3.892e-10
J23: Run
E24: Parameters | I24: Execution | J24: c135_1 | K24: c135_2 | L24: c135_3 | M24: c135_4 | N24: c135_5 | O24: Mean
D25: Lattice Sieving | E25: Primary: | G25: Job control: | I25: Lattice Sieving | O25: =AVERAGE(J25:N25) -> #DIV/0!
E26: mfb0 | F26: 51 | G26: qmin | H26: 10664570
E27: mfb1 | F27: 62 | G27: qrange | H27: 10000
E28: lambda0 | G28: threads
E29: lambda1
E30: ncurves0 | F30: 12
E31: ncurves1 | F31: 13
E32: sqside
E33: I | F33: 13
J36: Run
E37: Parameters | I37: Execution | J37: c135_1 | K37: c135_2 | L37: c135_3 | M37: c135_4 | N37: c135_5 | O37: Mean
D38: Filtering | E38: purge.keep | F38: 160 | I38: Duplicate Removal, splitting pass: | O38: =AVERAGE(J38:N38) -> #DIV/0!
E39: add_ratio | I39: Duplicate Removal, removal pass: | O39: =AVERAGE(J39:N39) -> #DIV/0!
E40: maxlevel | F40: 25 | I40: Singleton removal | O40: =AVERAGE(J40:N40) -> #DIV/0!
E41: target_density | F41: 170 | I41: Merging - merge | O41: =AVERAGE(J41:N41) -> #DIV/0!
E42: required_excess | I42: Merging - replay | O42: =AVERAGE(J42:N42) -> #DIV/0!
J45: Run
E46: Parameters | I46: Execution | J46: c135_1 | K46: c135_2 | L46: c135_3 | M46: c135_4 | N46: c135_5 | O46: Mean
D47: Linear Algebra | E47: Primary: | G47: Job control: | I47: Total | O47: =AVERAGE(J47:N47) -> #DIV/0!
E48: interval | F48: 1000 | G48: bwc.threads | I48: Quadratic | O48: =AVERAGE(J48:N48) -> #DIV/0!
E49: interleaving | F49: 0 | G49: characters.threads | I49: Square root | O49: =AVERAGE(J49:N49) -> #DIV/0!
E50: m | F50: 64
E51: n | F51: 64
E52: characters.nchar | F52: 50
I54: CPU time (seconds) | J54: =SUM(J4:J50) -> 13379.54 | K54: =SUM(K4:K50) -> 13535.7 | L54: =SUM(L4:L50) -> 13728.81 | M54: =SUM(M4:M50) -> 13805.86 | N54: =SUM(N4:N50) -> 13102.39 | O54: =AVERAGE(J54:N54) -> 13510.46
I56: Polynomial selection | J56: =SUM(J4:J18)/J54 -> 1 | K56: =SUM(K4:K18)/K54 -> 1 | L56: =SUM(L4:L18)/L54 -> 1 | M56: =SUM(M4:M18)/M54 -> 1 | N56: =SUM(N4:N18)/N54 -> 1 | O56: =AVERAGE(J56:N56) -> 1
I57: Lattice Sieving | J57: =J25/J54 -> 0 | K57: =K25/K54 -> 0 | L57: =L25/L54 -> 0 | M57: =M25/M54 -> 0 | N57: =N25/N54 -> 0 | O57: =AVERAGE(J57:N57) -> 0
I58: Filtering | J58: =SUM(J38:J42)/J54 -> 0 | K58: =SUM(K38:K42)/K54 -> 0 | L58: =SUM(L38:L42)/L54 -> 0 | M58: =SUM(M38:M42)/M54 -> 0 | N58: =SUM(N38:N42)/N54 -> 0 | O58: =AVERAGE(J58:N58) -> 0
I59: Linear Algebra | J59: =SUM(J47:J49)/J54 -> 0 | K59: =SUM(K47:K49)/K54 -> 0 | L59: =SUM(L47:L49)/L54 -> 0 | M59: =SUM(M47:M49)/M54 -> 0 | N59: =SUM(N47:N49)/N54 -> 0 | O59: =AVERAGE(J59:N59) -> 0
J61: =J57/J59 -> #DIV/0! | K61: =K57/K59 -> #DIV/0! | L61: =L57/L59 -> #DIV/0! | M61: =M57/M59 -> #DIV/0! | N61: =N57/N59 -> #DIV/0! | O61: =AVERAGE(J61:N61) -> #DIV/0!
E65: Workers:
E66: AWS | F66: 1 | G66: t2.medium
E67: AWS | F67: 18 | G67: c5.large

Sheet c140
B2: c140 | J2: Run
E3: Parameters | I3: Execution | J3: c140_1 | K3: c140_2 | L3: c140_3 | M3: c140_4 | N3: c140_5 | O3: Mean
B4: Prev | D4: Polynomial selection | E4: Primary: | G4: Job control: | I4: Size optimization | J4: 31126.3 | K4: 31068.7 | L4: 31108.8 | M4: 31196.4 | N4: 31019.9 | O4: =AVERAGE(J4:N4) -> 31104.02
E5: ad | G5: incr | H5: 60
B6: Contents | E6: - min: | F6: 0 | G6: ad
E7: - max: | F7: 400000 | G7: - range: | H7: 4000
B8: Next | E8: P | F8: 200000 | G8: threads
E9: sopteffort | F9: 0
B10: Index of Integers | E10: nq | F10: 3125
E11: nrkeep | F11: 100
E12: degree | F12: 5
B13: Index of Parameters | E13: ropteffort | F13: 10 | I13: Root optimization | J13: 4182.29 | K13: 4645.5 | L13: 4169.85 | M13: 4608.42 | N13: 3654.52 | O13: =AVERAGE(J13:N13) -> 4252.116
I15: Generate factor base | O15: =AVERAGE(J15:N15) -> #DIV/0!
B16: Index of Results
I17: Generate free relations | O17: =AVERAGE(J17:N17) -> #DIV/0!
I21: MurphyE of poly found: | J21: 8.53e-10 | K21: 8.93e-10 | L21: 8.32e-10 | M21: 7.94e-10 | N21: 9.11e-10 | O21: =AVERAGE(J21:N21) -> 8.566e-10
J23: Run
E24: Parameters | I24: Execution | J24: c140_1 | K24: c140_2 | L24: c140_3 | M24: c140_4 | N24: c140_5 | O24: Mean
D25: Lattice Sieving | E25: Primary: | G25: Job control: | I25: Lattice Sieving | O25: =AVERAGE(J25:N25) -> #DIV/0!
E26: mfb0 | F26: 62 | G26: qmin
E27: mfb1 | F27: 61 | G27: qrange | H27: 10000
E28: lambda0 | F28: 2.1 | G28: threads
E29: lambda1 | F29: 2.29
E30: ncurves0 | F30: 10
E31: ncurves1 | F31: 13
E32: sqside
E33: I | F33: 13
J36: Run
E37: Parameters | I37: Execution | J37: c140_1 | K37: c140_2 | L37: c140_3 | M37: c140_4 | N37: c140_5 | O37: Mean
D38: Filtering | E38: purge.keep | F38: 160 | I38: Duplicate Removal, splitting pass: | O38: =AVERAGE(J38:N38) -> #DIV/0!
E39: add_ratio | I39: Duplicate Removal, removal pass: | O39: =AVERAGE(J39:N39) -> #DIV/0!
E40: maxlevel | F40: 25 | I40: Singleton removal | O40: =AVERAGE(J40:N40) -> #DIV/0!
E41: target_density | F41: 170 | I41: Merging - merge | O41: =AVERAGE(J41:N41) -> #DIV/0!
E42: required_excess | I42: Merging - replay | O42: =AVERAGE(J42:N42) -> #DIV/0!
J45: Run
E46: Parameters | I46: Execution | J46: c140_1 | K46: c140_2 | L46: c140_3 | M46: c140_4 | N46: c140_5 | O46: Mean
D47: Linear Algebra | E47: Primary: | G47: Job control: | I47: Total | O47: =AVERAGE(J47:N47) -> #DIV/0!
E48: interval | F48: 1000 | G48: bwc.threads | I48: Quadratic | O48: =AVERAGE(J48:N48) -> #DIV/0!
E49: interleaving | F49: 0 | G49: characters.threads | I49: Square root | O49: =AVERAGE(J49:N49) -> #DIV/0!
E50: m | F50: 64
E51: n | F51: 64
E52: characters.nchar | F52: 50
I54: CPU time (seconds) | J54: =SUM(J4:J50) -> 35308.59 | K54: =SUM(K4:K50) -> 35714.2 | L54: =SUM(L4:L50) -> 35278.65 | M54: =SUM(M4:M50) -> 35804.82 | N54: =SUM(N4:N50) -> 34674.42 | O54: =AVERAGE(J54:N54) -> 35356.136
I56: Polynomial selection | J56: =SUM(J4:J18)/J54 -> 1 | K56: =SUM(K4:K18)/K54 -> 1 | L56: =SUM(L4:L18)/L54 -> 1 | M56: =SUM(M4:M18)/M54 -> 1 | N56: =SUM(N4:N18)/N54 -> 1 | O56: =AVERAGE(J56:N56) -> 1
I57: Lattice Sieving | J57: =J25/J54 -> 0 | K57: =K25/K54 -> 0 | L57: =L25/L54 -> 0 | M57: =M25/M54 -> 0 | N57: =N25/N54 -> 0 | O57: =AVERAGE(J57:N57) -> 0
I58: Filtering | J58: =SUM(J38:J42)/J54 -> 0 | K58: =SUM(K38:K42)/K54 -> 0 | L58: =SUM(L38:L42)/L54 -> 0 | M58: =SUM(M38:M42)/M54 -> 0 | N58: =SUM(N38:N42)/N54 -> 0 | O58: =AVERAGE(J58:N58) -> 0
I59: Linear Algebra | J59: =SUM(J47:J49)/J54 -> 0 | K59: =SUM(K47:K49)/K54 -> 0 | L59: =SUM(L47:L49)/L54 -> 0 | M59: =SUM(M47:M49)/M54 -> 0 | N59: =SUM(N47:N49)/N54 -> 0 | O59: =AVERAGE(J59:N59) -> 0
J61: =J57/J59 -> #DIV/0! | K61: =K57/K59 -> #DIV/0! | L61: =L57/L59 -> #DIV/0! | M61: =M57/M59 -> #DIV/0! | N61: =N57/N59 -> #DIV/0! | O61: =AVERAGE(J61:N61) -> #DIV/0!
E65: Workers:
E66: AWS | F66: 1 | G66: t2.medium
E67: AWS | F67: 18 | G67: c5.large

Sheet c145
B2: c145 | J2: Run
E3: Parameters | I3: Execution | J3: c145_1 | K3: c145_2 | L3: c145_3 | M3: c145_4 | N3: c145_5 | O3: Mean
B4: Prev | D4: Polynomial selection | E4: Primary: | G4: Job control: | I4: Size optimization | J4: 55451.1 | K4: 55205.3 | L4: 55266.6 | M4: 55250.3 | N4: 55090.8 | O4: =AVERAGE(J4:N4) -> 55252.82
E5: ad | G5: incr | H5: 60
B6: Contents | E6: - min: | F6: 0 | G6: ad
E7: - max: | F7: 500000 | G7: - range: | H7: 1000
B8: Next | E8: P | F8: 300000 | G8: threads
E9: sopteffort | F9: 0
B10: Index of Integers | E10: nq | F10: 3125
E11: nrkeep | F11: 100
E12: degree | F12: 5
B13: Index of Parameters | E13: ropteffort | I13: Root optimization | J13: 2641.04 | K13: 2782.15 | L13: 2764.7 | M13: 2399.85 | N13: 2117.79 | O13: =AVERAGE(J13:N13) -> 2541.106
I15: Generate factor base | O15: =AVERAGE(J15:N15) -> #DIV/0!
B16: Index of Results
I17: Generate free relations | O17: =AVERAGE(J17:N17) -> #DIV/0!
I21: MurphyE of poly found: | J21: 3e-10 | K21: 3.02e-10 | L21: 2.8e-10 | M21: 2.94e-10 | N21: 3.14e-10 | O21: =AVERAGE(J21:N21) -> 2.98e-10
J23: Run
E24: Parameters | I24: Execution | J24: c145_1 | K24: c145_2 | L24: c145_3 | M24: c145_4 | N24: c145_5 | O24: Mean
D25: Lattice Sieving | E25: Primary: | G25: Job control: | I25: Lattice Sieving | O25: =AVERAGE(J25:N25) -> #DIV/0!
E26: mfb0 | F26: 58 | G26: qmin
E27: mfb1 | F27: 87 | G27: qrange
E28: lambda0 | G28: threads
E29: lambda1
E30: ncurves0
E31: ncurves1
E32: sqside
E33: I | F33: 13
J36: Run
E37: Parameters | I37: Execution | J37: c145_1 | K37: c145_2 | L37: c145_3 | M37: c145_4 | N37: c145_5 | O37: Mean
D38: Filtering | E38: purge.keep | F38: 160 | I38: Duplicate Removal, splitting pass: | O38: =AVERAGE(J38:N38) -> #DIV/0!
E39: add_ratio | I39: Duplicate Removal, removal pass: | O39: =AVERAGE(J39:N39) -> #DIV/0!
E40: maxlevel | F40: 25 | I40: Singleton removal | O40: =AVERAGE(J40:N40) -> #DIV/0!
E41: target_density | F41: 170 | I41: Merging - merge | O41: =AVERAGE(J41:N41) -> #DIV/0!
E42: required_excess | I42: Merging - replay | O42: =AVERAGE(J42:N42) -> #DIV/0!
J45: Run
E46: Parameters | I46: Execution | J46: c145_1 | K46: c145_2 | L46: c145_3 | M46: c145_4 | N46: c145_5 | O46: Mean
D47: Linear Algebra | E47: Primary: | G47: Job control: | I47: Total | O47: =AVERAGE(J47:N47) -> #DIV/0!
E48: interval | F48: 1000 | G48: bwc.threads | I48: Quadratic | O48: =AVERAGE(J48:N48) -> #DIV/0!
E49: interleaving | F49: 0 | G49: characters.threads | I49: Square root | O49: =AVERAGE(J49:N49) -> #DIV/0!
E50: m | F50: 64
E51: n | F51: 64
E52: characters.nchar | F52: 50
I54: CPU time (seconds) | J54: =SUM(J4:J50) -> 58092.14 | K54: =SUM(K4:K50) -> 57987.45 | L54: =SUM(L4:L50) -> 58031.3 | M54: =SUM(M4:M50) -> 57650.15 | N54: =SUM(N4:N50) -> 57208.59 | O54: =AVERAGE(J54:N54) -> 57793.926
I56: Polynomial selection | J56: =SUM(J4:J18)/J54 -> 1 | K56: =SUM(K4:K18)/K54 -> 1 | L56: =SUM(L4:L18)/L54 -> 1 | M56: =SUM(M4:M18)/M54 -> 1 | N56: =SUM(N4:N18)/N54 -> 1 | O56: =AVERAGE(J56:N56) -> 1
I57: Lattice Sieving | J57: =J25/J54 -> 0 | K57: =K25/K54 -> 0 | L57: =L25/L54 -> 0 | M57: =M25/M54 -> 0 | N57: =N25/N54 -> 0 | O57: =AVERAGE(J57:N57) -> 0
I58: Filtering | J58: =SUM(J38:J42)/J54 -> 0 | K58: =SUM(K38:K42)/K54 -> 0 | L58: =SUM(L38:L42)/L54 -> 0 | M58: =SUM(M38:M42)/M54 -> 0 | N58: =SUM(N38:N42)/N54 -> 0 | O58: =AVERAGE(J58:N58) -> 0
I59: Linear Algebra | J59: =SUM(J47:J49)/J54 -> 0 | K59: =SUM(K47:K49)/K54 -> 0 | L59: =SUM(L47:L49)/L54 -> 0 | M59: =SUM(M47:M49)/M54 -> 0 | N59: =SUM(N47:N49)/N54 -> 0 | O59: =AVERAGE(J59:N59) -> 0
J61: =J57/J59 -> #DIV/0! | K61: =K57/K59 -> #DIV/0! | L61: =L57/L59 -> #DIV/0! | M61: =M57/M59 -> #DIV/0! | N61: =N57/N59 -> #DIV/0! | O61: =AVERAGE(J61:N61) -> #DIV/0!
E65: Workers:
E66: AWS | F66: 1 | G66: t2.medium
E67: AWS | F67: 18 | G67: c5.large

Sheet c150
B2: c150 | J2: Run
E3: Parameters | I3: Execution | J3: c150_1 | K3: c150_2 | L3: c150_3 | M3: c150_4 | N3: c150_5 | O3: Mean
B4: Prev | D4: Polynomial selection | E4: Primary: | G4: Job control: | I4: Size optimization | J4: 70775.9 | K4: 71260.2 | L4: 71232.6 | M4: 56931.6 | N4: 71111.9 | O4: =AVERAGE(J4:N4) -> 68262.44
E5: ad | G5: incr | H5: 60
B6: Contents | E6: - min: | F6: 0 | G6: ad
E7: - max: | F7: 400000 | G7: - range: | H7: 1000
B8: Next | E8: P | F8: 500000 | G8: threads
E9: sopteffort | F9: 0
B10: Index of Integers | E10: nq | F10: 3125
E11: nrkeep | F11: 100
E12: degree | F12: 5
B13: Index of Parameters | E13: ropteffort | F13: 10 | I13: Root optimization | J13: 6846.1 | K13: 7087.51 | L13: 6450.86 | M13: 7501.06 | N13: 6154.67 | O13: =AVERAGE(J13:N13) -> 6808.04
I15: Generate factor base | O15: =AVERAGE(J15:N15) -> #DIV/0!
B16: Index of Results
I17: Generate free relations | O17: =AVERAGE(J17:N17) -> #DIV/0!
I21: MurphyE of poly found: | J21: 3.46e-10 | K21: 3.51e-10 | L21: 3.68e-10 | M21: 3.22e-10 | N21: 3.54e-10 | O21: =AVERAGE(J21:N21) -> 3.482e-10
I23: Wall clock (seconds): | J23: n/a | K23: n/a | L23: n/a | M23: 2454.831 | N23: 2380.834 | O23: =AVERAGE(J23:N23) -> 2417.8325
J25: Run
E26: Parameters | I26: Execution | J26: c150_1 | K26: c150_2 | L26: c150_3 | M26: c150_4 | N26: c150_5 | O26: Mean
D27: Lattice Sieving | E27: Primary: | G27: Job control: | I27: Lattice Sieving | O27: =AVERAGE(J27:N27) -> #DIV/0!
E28: mfb0 | F28: 64 | G28: qmin
E29: mfb1 | F29: 87 | G29: qrange | H29: 10000
E30: lambda0 | G30: threads
E31: lambda1
E32: ncurves0 | F32: 12
E33: ncurves1 | F33: 10
E34: sqside
E35: I | F35: 13
J38: Run
E39: Parameters | I39: Execution | J39: c150_1 | K39: c150_2 | L39: c150_3 | M39: c150_4 | N39: c150_5 | O39: Mean
D40: Filtering | E40: purge.keep | F40: 160 | I40: Duplicate Removal, splitting pass: | O40: =AVERAGE(J40:N40) -> #DIV/0!
E41: add_ratio | I41: Duplicate Removal, removal pass: | O41: =AVERAGE(J41:N41) -> #DIV/0!
E42: maxlevel | F42: 30 | I42: Singleton removal | O42: =AVERAGE(J42:N42) -> #DIV/0!
E43: target_density | F43: 170 | I43: Merging - merge | O43: =AVERAGE(J43:N43) -> #DIV/0!
E44: required_excess | I44: Merging - replay | O44: =AVERAGE(J44:N44) -> #DIV/0!
J47: Run
E48: Parameters | I48: Execution | J48: c150_1 | K48: c150_2 | L48: c150_3 | M48: c150_4 | N48: c150_5 | O48: Mean
D49: Linear Algebra | E49: Primary: | G49: Job control: | I49: Total | O49: =AVERAGE(J49:N49) -> #DIV/0!
E50: interval | F50: 1000 | G50: bwc.threads | I50: Quadratic | O50: =AVERAGE(J50:N50) -> #DIV/0!
E51: interleaving | F51: 0 | G51: characters.threads | I51: Square root | O51: =AVERAGE(J51:N51) -> #DIV/0!
E52: m | F52: 64
E53: n | F53: 64
E54: characters.nchar | F54: 50
I56: CPU time (seconds) | J56: =SUM(J4:J52) -> 77622 | K56: =SUM(K4:K52) -> 78347.71 | L56: =SUM(L4:L52) -> 77683.46 | M56: =SUM(M4:M52) -> 66887.491 | N56: =SUM(N4:N52) -> 79647.404 | O56: =AVERAGE(J56:N56) -> 76037.613
I58: Polynomial selection | J58: =SUM(J4:J18)/J56 -> 1 | K58: =SUM(K4:K18)/K56 -> 1 | L58: =SUM(L4:L18)/L56 -> 1 | M58: =SUM(M4:M18)/M56 -> 0.9632991 | N58: =SUM(N4:N18)/N56 -> 0.97010783 | O58: =AVERAGE(J58:N58) -> 0.98668139
I59: Lattice Sieving | J59: =J27/J56 -> 0 | K59: =K27/K56 -> 0 | L59: =L27/L56 -> 0 | M59: =M27/M56 -> 0 | N59: =N27/N56 -> 0 | O59: =AVERAGE(J59:N59) -> 0
I60: Filtering | J60: =SUM(J40:J44)/J56 -> 0 | K60: =SUM(K40:K44)/K56 -> 0 | L60: =SUM(L40:L44)/L56 -> 0 | M60: =SUM(M40:M44)/M56 -> 0 | N60: =SUM(N40:N44)/N56 -> 0 | O60: =AVERAGE(J60:N60) -> 0
I61: Linear Algebra | J61: =SUM(J49:J51)/J56 -> 0 | K61: =SUM(K49:K51)/K56 -> 0 | L61: =SUM(L49:L51)/L56 -> 0 | M61: =SUM(M49:M51)/M56 -> 0 | N61: =SUM(N49:N51)/N56 -> 0 | O61: =AVERAGE(J61:N61) -> 0
J63: =J59/J61 -> #DIV/0! | K63: =K59/K61 -> #DIV/0! | L63: =L59/L61 -> #DIV/0! | M63: =M59/M61 -> #DIV/0! | N63: =N59/N61 -> #DIV/0! | O63: =AVERAGE(J63:N63) -> #DIV/0!
E67: Workers:
E68: AWS | F68: 1 | G68: t2.medium
E69: AWS | F69: 18 | G69: c5.large

Sheet c155
B2: c155 | J2: Run
E3: Parameters | I3: Execution | J3: c155_1 | K3: c155_2 | L3: c155_3 | M3: c155_4 | N3: c155_5 | O3: Mean
B4: Prev | D4: Polynomial selection | E4: Primary: | G4: Job control: | I4: Size optimization | J4: 89460.1 | K4: 89298.3 | L4: 89635.4 | M4: 89319.6 | N4: 89285.2 | O4: =AVERAGE(J4:N4) -> 89399.72
E5: ad | G5: incr | H5: 60
B6: Contents | E6: - min: | F6: 0 | G6: ad
E7: - max: | F7: 500000 | G7: - range: | H7: 1000
B8: Next | E8: P | F8: 500000 | G8: threads
E9: sopteffort | F9: 0
B10: Index of Integers | E10: nq | F10: 3125
E11: nrkeep | F11: 100
E12: degree | F12: 5
B13: Index of Parameters | E13: ropteffort | F13: 10 | I13: Root optimization | J13: 7752.9 | K13: 8420.53 | L13: 7825.53 | M13: 8426.96 | N13: 7305.39 | O13: =AVERAGE(J13:N13) -> 7946.262
I15: Generate factor base | O15: =AVERAGE(J15:N15) -> #DIV/0!
B16: Index of Results
I17: Generate free relations | O17: =AVERAGE(J17:N17) -> #DIV/0!
I21: MurphyE of poly found: | J21: 8.34e-11 | K21: 8.67e-11 | L21: 8.94e-11 | M21: 8.86e-11 | N21: 8.72e-11 | O21: =AVERAGE(J21:N21) -> 8.706e-11
I23: Wall clock (seconds): | J23: 2961.663 | K23: - | L23: 2962.618 | M23: 2988.481 | N23: 2968.517 | O23: =AVERAGE(J23:N23) -> 2970.3198
J25: Run
E26: Parameters | I26: Execution | J26: c155_1 | K26: c155_2 | L26: c155_3 | M26: c155_4 | N26: c155_5 | O26: Mean
D27: Lattice Sieving | E27: Primary: | G27: Job control: | I27: Lattice Sieving | O27: =AVERAGE(J27:N27) -> #DIV/0!
E28: mfb0 | F28: 62 | G28: qmin
E29: mfb1 | F29: 61 | G29: qrange | H29: 10000
E30: lambda0 | G30: threads
E31: lambda1
E32: ncurves0 | F32: 13
E33: ncurves1 | F33: 23
E34: sqside
E35: I | F35: 14
J38: Run
E39: Parameters | I39: Execution | J39: c155_1 | K39: c155_2 | L39: c155_3 | M39: c155_4 | N39: c155_5 | O39: Mean
D40: Filtering | E40: purge.keep | F40: 160 | I40: Duplicate Removal, splitting pass: | O40: =AVERAGE(J40:N40) -> #DIV/0!
E41: add_ratio | I41: Duplicate Removal, removal pass: | O41: =AVERAGE(J41:N41) -> #DIV/0!
E42: maxlevel | F42: 30 | I42: Singleton removal | O42: =AVERAGE(J42:N42) -> #DIV/0!
E43: target_density | F43: 170 | I43: Merging - merge | O43: =AVERAGE(J43:N43) -> #DIV/0!
E44: required_excess | I44: Merging - replay | O44: =AVERAGE(J44:N44) -> #DIV/0!
J47: Run
E48: Parameters | I48: Execution | J48: c155_1 | K48: c155_2 | L48: c155_3 | M48: c155_4 | N48: c155_5 | O48: Mean
D49: Linear Algebra | E49: Primary: | G49: Job control: | I49: Total | O49: =AVERAGE(J49:N49) -> #DIV/0!
E50: interval | F50: 1000 | G50: bwc.threads | I50: Quadratic | O50: =AVERAGE(J50:N50) -> #DIV/0!
E51: interleaving | F51: 0 | G51: characters.threads | I51: Square root | O51: =AVERAGE(J51:N51) -> #DIV/0!
E52: m | F52: 64
E53: n | F53: 64
E54: characters.nchar | F54: 50
I56: CPU time (seconds) | J56: =SUM(J4:J52) -> 100174.66 | K56: =SUM(K4:K52) -> 97718.83 | L56: =SUM(L4:L52) -> 100423.55 | M56: =SUM(M4:M52) -> 100735.04 | N56: =SUM(N4:N52) -> 99559.107 | O56: =AVERAGE(J56:N56) -> 99722.238
I58: Polynomial selection | J58: =SUM(J4:J18)/J56 -> 0.97043501 | K58: =SUM(K4:K18)/K56 -> 1 | L58: =SUM(L4:L18)/L56 -> 0.97049877 | M58: =SUM(M4:M18)/M56 -> 0.97033325 | N58: =SUM(N4:N18)/N56 -> 0.97018337 | O58: =AVERAGE(J58:N58) -> 0.97629008
I59: Lattice Sieving | J59: =J27/J56 -> 0 | K59: =K27/K56 -> 0 | L59: =L27/L56 -> 0 | M59: =M27/M56 -> 0 | N59: =N27/N56 -> 0 | O59: =AVERAGE(J59:N59) -> 0
I60: Filtering | J60: =SUM(J40:J44)/J56 -> 0 | K60: =SUM(K40:K44)/K56 -> 0 | L60: =SUM(L40:L44)/L56 -> 0 | M60: =SUM(M40:M44)/M56 -> 0 | N60: =SUM(N40:N44)/N56 -> 0 | O60: =AVERAGE(J60:N60) -> 0
I61: Linear Algebra | J61: =SUM(J49:J51)/J56 -> 0 | K61: =SUM(K49:K51)/K56 -> 0 | L61: =SUM(L49:L51)/L56 -> 0 | M61: =SUM(M49:M51)/M56 -> 0 | N61: =SUM(N49:N51)/N56 -> 0 | O61: =AVERAGE(J61:N61) -> 0
J63: =J59/J61 -> #DIV/0! | K63: =K59/K61 -> #DIV/0! | L63: =L59/L61 -> #DIV/0! | M63: =M59/M61 -> #DIV/0! | N63: =N59/N61 -> #DIV/0! | O63: =AVERAGE(J63:N63) -> #DIV/0!
E67: Workers:
E68: AWS | F68: 1 | G68: t2.medium
E69: AWS | F69: 18 | G69: c5.large

Sheet c160
B2: c160 | J2: Run
E3: Parameters | I3: Execution | J3: c160_1 | K3: c160_2 | L3: c160_3 | M3: c160_4 | N3: c160_5 | O3: Mean
B4: Prev | D4: Polynomial selection | E4: Primary: | G4: Job control: | I4: Size optimization | J4: 215988 | K4: 215551 | L4: 214327 | M4: 214694 | N4: 214021 | O4: =AVERAGE(J4:N4) -> 214916.2
E5: ad | G5: incr | H5: 60
B6: Contents | E6: - min: | F6: 0 | G6: ad
E7: - max: | F7: 1000000 | G7: - range: | H7: 1000
B8: Next | E8: P | F8: 600000 | G8: threads
E9: sopteffort | F9: 0
B10: Index of Integers | E10: nq | F10: 3125
E11: nrkeep | F11: 100
E12: degree | F12: 5
B13: Index of Parameters | E13: ropteffort | I13: Root optimization | J13: 6531.32 | K13: 6300.58 | L13: 7139.3 | M13: 6723.87 | N13: 6572.02 | O13: =AVERAGE(J13:N13) -> 6653.418
I15: Generate factor base | O15: =AVERAGE(J15:N15) -> #DIV/0!
B16: Index of Results
I17: Generate free relations | O17: =AVERAGE(J17:N17) -> #DIV/0!
I21: MurphyE of poly found: | J21: 6.86e-11 | K21: 6.19e-11 | L21: 6.49e-11 | M21: 6.92e-11 | N21: 6.11e-11 | O21: =AVERAGE(J21:N21) -> 6.514e-11
I23: Wall clock (seconds): | J23: 6583.708 | K23: 6525.769 | L23: 6910.019 | M23: 6498.421 | N23: 6540.932 | O23: =AVERAGE(J23:N23) -> 6611.7698
J25: Run
E26: Parameters | I26: Execution | J26: c160_1 | K26: c160_2 | L26: c160_3 | M26: c160_4 | N26: c160_5 | O26: Mean
D27: Lattice Sieving | E27: Primary: | G27: Job control: | I27: Lattice Sieving | O27: =AVERAGE(J27:N27) -> #DIV/0!
E28: mfb0 | F28: 60 | G28: qmin
E29: mfb1 | F29: 90 | G29: qrange | H29: 10000
E30: lambda0 | G30: threads
E31: lambda1
E32: ncurves0
E33: ncurves1
E34: sqside
E35: I | F35: 14
J38: Run
E39: Parameters | I39: Execution | J39: c160_1 | K39: c160_2 | L39: c160_3 | M39: c160_4 | N39: c160_5 | O39: Mean
D40: Filtering | E40: purge.keep | F40: 160 | I40: Duplicate Removal, splitting pass: | O40: =AVERAGE(J40:N40) -> #DIV/0!
E41: add_ratio | I41: Duplicate Removal, removal pass: | O41: =AVERAGE(J41:N41) -> #DIV/0!
E42: maxlevel | F42: 30 | I42: Singleton removal | O42: =AVERAGE(J42:N42) -> #DIV/0!
E43: target_density | F43: 170 | I43: Merging - merge | O43: =AVERAGE(J43:N43) -> #DIV/0!
E44: required_excess | I44: Merging - replay | O44: =AVERAGE(J44:N44) -> #DIV/0!
J47: Run
E48: Parameters | I48: Execution | J48: c160_1 | K48: c160_2 | L48: c160_3 | M48: c160_4 | N48: c160_5 | O48: Mean
D49: Linear Algebra | E49: Primary: | G49: Job control: | I49: Total | O49: =AVERAGE(J49:N49) -> #DIV/0!
E50: interval | F50: 1000 | G50: bwc.threads | I50: Quadratic | O50: =AVERAGE(J50:N50) -> #DIV/0!
E51: interleaving | F51: 0 | G51: characters.threads | I51: Square root | O51: =AVERAGE(J51:N51) -> #DIV/0!
E52: m | F52: 64
E53: n | F53: 64
E54: characters.nchar | F54: 50
I56: CPU time (seconds) | J56: =SUM(J4:J52) -> 229103.03 | K56: =SUM(K4:K52) -> 228377.35 | L56: =SUM(L4:L52) -> 228376.32 | M56: =SUM(M4:M52) -> 227916.29 | N56: =SUM(N4:N52) -> 227133.95 | O56: =AVERAGE(J56:N56) -> 228181.39
I58: Polynomial selection | J58: =SUM(J4:J18)/J56 -> 0.97126311 | K58: =SUM(K4:K18)/K56 -> 0.9714255 | L58: =SUM(L4:L18)/L56 -> 0.96974284 | M58: =SUM(M4:M18)/M56 -> 0.97148769 | N58: =SUM(N4:N18)/N56 -> 0.97120232 | O58: =AVERAGE(J58:N58) -> 0.97102429
I59: Lattice Sieving | J59: =J27/J56 -> 0 | K59: =K27/K56 -> 0 | L59: =L27/L56 -> 0 | M59: =M27/M56 -> 0 | N59: =N27/N56 -> 0 | O59: =AVERAGE(J59:N59) -> 0
I60: Filtering | J60: =SUM(J40:J44)/J56 -> 0 | K60: =SUM(K40:K44)/K56 -> 0 | L60: =SUM(L40:L44)/L56 -> 0 | M60: =SUM(M40:M44)/M56 -> 0 | N60: =SUM(N40:N44)/N56 -> 0 | O60: =AVERAGE(J60:N60) -> 0
I61: Linear Algebra | J61: =SUM(J49:J51)/J56 -> 0 | K61: =SUM(K49:K51)/K56 -> 0 | L61: =SUM(L49:L51)/L56 -> 0 | M61: =SUM(M49:M51)/M56 -> 0 | N61: =SUM(N49:N51)/N56 -> 0 | O61: =AVERAGE(J61:N61) -> 0
J63: =J59/J61 -> #DIV/0! | K63: =K59/K61 -> #DIV/0! | L63: =L59/L61 -> #DIV/0! | M63: =M59/M61 -> #DIV/0! | N63: =N59/N61 -> #DIV/0! | O63: =AVERAGE(J63:N63) -> #DIV/0!
E67: Workers:
E68: AWS | F68: 1 | G68: t2.medium
E69: AWS | F69: 18 | G69: c5.large

Sheet c165
B2: c165 | J2: Run
E3: Parameters | I3: Execution | J3: c165_1 | K3: c165_2 | L3: c165_3 | M3: c165_4 | N3: c165_5 | O3: Mean
B4: Prev | D4: Polynomial selection | E4: Primary: | G4: Job control: | I4: Size optimization | J4: 690283 | K4: 685689 | L4: 689003 | M4: 686558 | N4: 681534 | O4: =AVERAGE(J4:N4) -> 686613.4
E5: ad | G5: incr | H5: 60
B6: Contents | E6: - min: | F6: 0 | G6: ad
E7: - max: | F7: 2000000 | G7: - range: | H7: 1000
B8: Next | E8: P | F8: 1000000 | G8: threads
E9: sopteffort | F9: 0
B10: Index of Integers | E10: nq | F10: 3125
E11: nrkeep | F11: 100
E12: degree | F12: 5
B13: Index of Parameters | E13: ropteffort | I13: Root optimization | J13: 6114.97 | K13: 6298.91 | L13: 5545.76 | M13: 5352.62 | N13: 6161.27 | O13: =AVERAGE(J13:N13) -> 5894.706
I15: Generate factor base | O15: =AVERAGE(J15:N15) -> #DIV/0!
B16: Index of Results
I17: Generate free relations | O17: =AVERAGE(J17:N17) -> #DIV/0!
I21: MurphyE of poly found: | J21: 3.47e-11 | K21: 3.71e-11 | L21: 3.74e-11 | M21: 4.2e-11 | N21: 3.91e-11 | O21: =AVERAGE(J21:N21) -> 3.806e-11
I23: Wall clock (seconds): | J23: 20155.533 | K23: 20039 | L23: 20042 | M23: 19947 | N23: 19871 | O23: =AVERAGE(J23:N23) -> 20010.907
J25: Run
E26: Parameters | I26: Execution | J26: c165_1 | K26: c165_2 | L26: c165_3 | M26: c165_4 | N26: c165_5 | O26: Mean
D27: Lattice Sieving | E27: Primary: | G27: Job control: | I27: Lattice Sieving | O27: =AVERAGE(J27:N27) -> #DIV/0!
E28: mfb0 | F28: 92 | G28: qmin
E29: mfb1 | F29: 91 | G29: qrange | H29: 10000
E30: lambda0 | G30: threads
E31: lambda1
E32: ncurves0 | F32: 16
E33: ncurves1 | F33: 10
E34: sqside
E35: I | F35: 14
J38: Run
E39: Parameters | I39: Execution | J39: c165_1 | K39: c165_2 | L39: c165_3 | M39: c165_4 | N39: c165_5 | O39: Mean
D40: Filtering | E40: purge.keep | F40: 160 | I40: Duplicate Removal, splitting pass: | O40: =AVERAGE(J40:N40) -> #DIV/0!
E41: add_ratio | I41: Duplicate Removal, removal pass: | O41: =AVERAGE(J41:N41) -> #DIV/0!
E42: maxlevel | F42: 30 | I42: Singleton removal | O42: =AVERAGE(J42:N42) -> #DIV/0!
E43: target_density | F43: 170 | I43: Merging - merge | O43: =AVERAGE(J43:N43) -> #DIV/0!
E44: required_excess | I44: Merging - replay | O44: =AVERAGE(J44:N44) -> #DIV/0!
J47: Run
E48: Parameters | I48: Execution | J48: c165_1 | K48: c165_2 | L48: c165_3 | M48: c165_4 | N48: c165_5 | O48: Mean
D49: Linear Algebra | E49: Primary: | G49: Job control: | I49: Total | O49: =AVERAGE(J49:N49) -> #DIV/0!
E50: interval | F50: 1000 | G50: bwc.threads | I50: Quadratic | O50: =AVERAGE(J50:N50) -> #DIV/0!
E51: interleaving | F51: 0 | G51: characters.threads | I51: Square root | O51: =AVERAGE(J51:N51) -> #DIV/0!
E52: m | F52: 64
E53: n | F53: 64
E54: characters.nchar | F54: 50
I56: CPU time (seconds) | J56: =SUM(J4:J52) -> 716553.5 | K56: =SUM(K4:K52) -> 712026.91 | L56: =SUM(L4:L52) -> 714590.76 | M56: =SUM(M4:M52) -> 711857.62 | N56: =SUM(N4:N52) -> 707566.27 | O56: =AVERAGE(J56:N56) -> 712519.01
I58: Polynomial selection | J58: =SUM(J4:J18)/J56 -> 0.97187156 | K58: =SUM(K4:K18)/K56 -> 0.9718564 | L58: =SUM(L4:L18)/L56 -> 0.97195318 | M58: =SUM(M4:M18)/M56 -> 0.97197895 | N58: =SUM(N4:N18)/N56 -> 0.97191641 | O58: =AVERAGE(J58:N58) -> 0.9719153
I59: Lattice Sieving | J59: =J27/J56 -> 0 | K59: =K27/K56 -> 0 | L59: =L27/L56 -> 0 | M59: =M27/M56 -> 0 | N59: =N27/N56 -> 0 | O59: =AVERAGE(J59:N59) -> 0
I60: Filtering | J60: =SUM(J40:J44)/J56 -> 0 | K60: =SUM(K40:K44)/K56 -> 0 | L60: =SUM(L40:L44)/L56 -> 0 | M60: =SUM(M40:M44)/M56 -> 0 | N60: =SUM(N40:N44)/N56 -> 0 | O60: =AVERAGE(J60:N60) -> 0
I61: Linear Algebra | J61: =SUM(J49:J51)/J56 -> 0 | K61: =SUM(K49:K51)/K56 -> 0 | L61: =SUM(L49:L51)/L56 -> 0 | M61: =SUM(M49:M51)/M56 -> 0 | N61: =SUM(N49:N51)/N56 -> 0 | O61: =AVERAGE(J61:N61) -> 0
J63: =J59/J61 -> #DIV/0! | K63: =K59/K61 -> #DIV/0! | L63: =L59/L61 -> #DIV/0! | M63: =M59/M61 -> #DIV/0! | N63: =N59/N61 -> #DIV/0! | O63: =AVERAGE(J63:N63) -> #DIV/0!
E67: Workers:
E68: AWS | F68: 1 | G68: t2.medium
E69: AWS | F69: 18 | G69: c5.large

Sheet c170
B2: c170 | J2: Run
E3: Parameters | I3: Execution | J3: c170_1 | K3: c170_2 | L3: c170_3 | M3: c170_4 | N3: c170_5 | O3: Mean
B4: Prev | D4: Polynomial selection | E4: Primary: | G4: Job control: | I4: Size optimization | J4: 1522430 | K4: 1518410 | L4: 1519220 | M4: 1520160 | N4: 1516690 | O4: =AVERAGE(J4:N4) -> 1519382
E5: ad | G5: incr | H5: 60
B6: Contents | E6: - min: | F6: 0 | G6: ad
E7: - max: | F7: 3000000 | G7: - range: | H7: 1000
B8: Next | E8: P | F8: 1500000 | G8: threads
E9: sopteffort | F9: 0
B10: Index of Integers | E10: nq | F10: 3125
E11: nrkeep | F11: 100
E12: degree | F12: 5
B13: Index of Parameters | E13: ropteffort | I13: Root optimization | J13: 7278.51 | K13: 7204.08 | L13: 6727.22 | M13: 6308.26 | N13: 7435.33 | O13: =AVERAGE(J13:N13) -> 6990.68
I15: Generate factor base | O15: =AVERAGE(J15:N15) -> #DIV/0!
B16: Index of Results
I17: Generate free relations | O17: =AVERAGE(J17:N17) -> #DIV/0!
I21: MurphyE of poly found: | J21: 1.34e-11 | K21: 1.28e-11 | L21: 1.47e-11 | M21: 1.36e-11 | N21: 1.38e-11 | O21: =AVERAGE(J21:N21) -> 1.366e-11
I23: Wall clock (seconds): | J23: 43931 | K23: 43893 | L23: 43854 | M23: 43898 | N23: 43811 | O23: =AVERAGE(J23:N23) -> 43877.4
J25: Run
E26: Parameters | I26: Execution | J26: c170_1 | K26: c170_2 | L26: c170_3 | M26: c170_4 | N26: c170_5 | O26: Mean
D27: Lattice Sieving | E27: Primary: | G27: Job control: | I27: Lattice Sieving | O27: =AVERAGE(J27:N27) -> #DIV/0!
E28: mfb0 | F28: 62 | G28: qmin
E29: mfb1 | F29: 93 | G29: qrange | H29: 5000
E30: lambda0 | G30: threads
E31: lambda1
E32: ncurves0
E33: ncurves1
E34: sqside
E35: I | F35: 15
J38: Run
E39: Parameters | I39: Execution | J39: c170_1 | K39: c170_2 | L39: c170_3 | M39: c170_4 | N39: c170_5 | O39: Mean
D40: Filtering | E40: purge.keep | F40: 160 | I40: Duplicate Removal, splitting pass: | O40: =AVERAGE(J40:N40) -> #DIV/0!
E41: add_ratio | I41: Duplicate Removal, removal pass: | O41: =AVERAGE(J41:N41) -> #DIV/0!
E42: maxlevel | F42: 30 | I42: Singleton removal | O42: =AVERAGE(J42:N42) -> #DIV/0!
E43: target_density | F43: 170 | I43: Merging - merge | O43: =AVERAGE(J43:N43) -> #DIV/0!
E44: required_excess | I44: Merging - replay | O44: =AVERAGE(J44:N44) -> #DIV/0!
J47: Run
E48: Parameters | I48: Execution | J48: c170_1 | K48: c170_2 | L48: c170_3 | M48: c170_4 | N48: c170_5 | O48: Mean
D49: Linear Algebra | E49: Primary: | G49: Job control: | I49: Total | O49: =AVERAGE(J49:N49) -> #DIV/0!
E50: interval | F50: 1000 | G50: bwc.threads | I50: Quadratic | O50: =AVERAGE(J50:N50) -> #DIV/0!
E51: interleaving | F51: 0 | G51: characters.threads | I51: Square root | O51: =AVERAGE(J51:N51) -> #DIV/0!
E52: m | F52: 64
E53: n | F53: 64
E54: characters.nchar | F54: 50
I56: CPU time (seconds) | J56: =SUM(J4:J52) -> 1573639.5 | K56: =SUM(K4:K52) -> 1569507.1 | L56: =SUM(L4:L52) -> 1569801.2 | M56: =SUM(M4:M52) -> 1570366.3 | N56: =SUM(N4:N52) -> 1567936.3 | O56: =AVERAGE(J56:N56) -> 1570250.1
I58: Polynomial selection | J58: =SUM(J4:J18)/J56 -> 0.97208319 | K58: =SUM(K4:K18)/K56 -> 0.97203389 | L58: =SUM(L4:L18)/L56 -> 0.97206398 | M58: =SUM(M4:M18)/M56 -> 0.97204601 | N58: =SUM(N4:N18)/N56 -> 0.97205818 | O58: =AVERAGE(J58:N58) -> 0.97205705
I59: Lattice Sieving | J59: =J27/J56 -> 0 | K59: =K27/K56 -> 0 | L59: =L27/L56 -> 0 | M59: =M27/M56 -> 0 | N59: =N27/N56 -> 0 | O59: =AVERAGE(J59:N59) -> 0
I60: Filtering | J60: =SUM(J40:J44)/J56 -> 0 | K60: =SUM(K40:K44)/K56 -> 0 | L60: =SUM(L40:L44)/L56 -> 0 | M60: =SUM(M40:M44)/M56 -> 0 | N60: =SUM(N40:N44)/N56 -> 0 | O60: =AVERAGE(J60:N60) -> 0
I61: Linear Algebra | J61: =SUM(J49:J51)/J56 -> 0 | K61: =SUM(K49:K51)/K56 -> 0 | L61: =SUM(L49:L51)/L56 -> 0 | M61: =SUM(M49:M51)/M56 -> 0 | N61: =SUM(N49:N51)/N56 -> 0 | O61: =AVERAGE(J61:N61) -> 0
J63: =J59/J61 -> #DIV/0! | K63: =K59/K61 -> #DIV/0! | L63: =L59/L61 -> #DIV/0! | M63: =M59/M61 -> #DIV/0! | N63: =N59/N61 -> #DIV/0! | O63: =AVERAGE(J63:N63) -> #DIV/0!
E67: Workers:
E68: AWS | F68: 1 | G68: t2.medium
E69: AWS | F69: 18 | G69: c5.large

Sheet c175
B2: c175 | J2: Run
E3: Parameters | I3: Execution | J3: c175_1 | K3: c175_2 | L3: c175_3 | M3: c175_4 | N3: c175_5 | O3: Mean
B4: Prev | D4: Polynomial selection | E4: Primary: | G4: Job control: | I4: Size optimization | J4: 3948460 | K4: 3952520 | L4: 3941700 | M4: 3929230 | N4: 3922780 | O4: =AVERAGE(J4:N4) -> 3938938
E5: ad | G5: incr | H5: 60
B6: Contents | E6: - min: | F6: 0 | G6: ad
E7: - max: | F7: 20000000 | G7: - range: | H7: 100000
B8: Next | E8: P | F8: 2000000 | G8: threads
E9: sopteffort | F9: 0
B10: Index of Integers | E10: nq | F10: 1000
E11: nrkeep | F11: 100
E12: degree | F12: 5
B13: Index of Parameters | E13: ropteffort | I13: Root optimization | J13: 5733.09 | K13: 6485.77 | L13: 6229.87 | M13: 5814.67 | N13: 5765.7 | O13: =AVERAGE(J13:N13) -> 6005.82
I15: Generate factor base | O15: =AVERAGE(J15:N15) -> #DIV/0!
B16: Index of Results
I17: Generate free relations | O17: =AVERAGE(J17:N17) -> #DIV/0!
I21: MurphyE of poly found: | J21: 9.55e-12 | K21: =0.00000000000973 -> 9.73e-12 | L21: 9.56e-12 | M21: 1.05e-11 | N21: 1e-11 | O21: =AVERAGE(J21:N21) -> 9.868e-12
I23: Wall clock (seconds): | J23: 126116 | K23: 117782 | L23: 117123 | M23: 116837 | N23: 116175 | O23: =AVERAGE(J23:N23) -> 118806.6
J25: Run
E26: Parameters | I26: Execution | J26: c175_1 | K26: c175_2 | L26: c175_3 | M26: c175_4 | N26: c175_5 | O26: Mean
D27: Lattice Sieving | E27: Primary: | G27: Job control: | I27: Lattice Sieving | O27: =AVERAGE(J27:N27) -> #DIV/0!
E28: mfb0 | F28: 62 | G28: qmin
E29: mfb1 | F29: 93 | G29: qrange | H29: 10000
E30: lambda0 | G30: threads
E31: lambda1
E32: ncurves0
E33: ncurves1
E34: sqside
E35: I | F35: 15
J38: Run
E39: Parameters | I39: Execution | J39: c175_1 | K39: c175_2 | L39: c175_3 | M39: c175_4 | N39: c175_5 | O39: Mean
D40: Filtering | E40: purge.keep | F40: 160 | I40: Duplicate Removal, splitting pass: | O40: =AVERAGE(J40:N40) -> #DIV/0!
E41: add_ratio | I41: Duplicate Removal, removal pass: | O41: =AVERAGE(J41:N41) -> #DIV/0!
E42: maxlevel | F42: 30 | I42: Singleton removal | O42: =AVERAGE(J42:N42) -> #DIV/0!
E43: target_density | F43: 170 | I43: Merging - merge | O43: =AVERAGE(J43:N43) -> #DIV/0!
E44: required_excess | I44: Merging - replay | O44: =AVERAGE(J44:N44) -> #DIV/0!
J47: Run
E48: Parameters | I48: Execution | J48: c175_1 | K48: c175_2 | L48: c175_3 | M48: c175_4 | N48: c175_5 | O48: Mean
D49: Linear Algebra | E49: Primary: | G49: Job control: | I49: Total | O49: =AVERAGE(J49:N49) -> #DIV/0!
E50: interval | F50: 1000 | G50: bwc.threads | I50: Quadratic | O50: =AVERAGE(J50:N50) -> #DIV/0!
E51: interleaving | F51: 0 | G51: characters.threads | I51: Square root | O51: =AVERAGE(J51:N51) -> #DIV/0!
E52: m | F52: 64
E53: n | F53: 64
E54: characters.nchar | F54: 50
I56: CPU time (seconds) | J56: =SUM(J4:J52) -> 4080309.1 | K56: =SUM(K4:K52) -> 4076787.8 | L56: =SUM(L4:L52) -> 4065052.9 | M56: =SUM(M4:M52) -> 4051881.7 | N56: =SUM(N4:N52) -> 4044720.7 | O56: =AVERAGE(J56:N56) -> 4063750.4
I58: Polynomial selection | J58: =SUM(J4:J18)/J56 -> 0.96909156 | K58: =SUM(K4:K18)/K56 -> 0.97110912 | L58: =SUM(L4:L18)/L56 -> 0.97118783 | M58: =SUM(M4:M18)/M56 -> 0.97116476 | N58: =SUM(N4:N18)/N56 -> 0.97127737 | O58: =AVERAGE(J58:N58) -> 0.97076613
I59: Lattice Sieving | J59: =J27/J56 -> 0 | K59: =K27/K56 -> 0 | L59: =L27/L56 -> 0 | M59: =M27/M56 -> 0 | N59: =N27/N56 -> 0 | O59: =AVERAGE(J59:N59) -> 0
I60: Filtering | J60: =SUM(J40:J44)/J56 -> 0 | K60: =SUM(K40:K44)/K56 -> 0 | L60: =SUM(L40:L44)/L56 -> 0 | M60: =SUM(M40:M44)/M56 -> 0 | N60: =SUM(N40:N44)/N56 -> 0 | O60: =AVERAGE(J60:N60) -> 0
I61: Linear Algebra | J61: =SUM(J49:J51)/J56 -> 0 | K61: =SUM(K49:K51)/K56 -> 0 | L61: =SUM(L49:L51)/L56 -> 0 | M61: =SUM(M49:M51)/M56 -> 0 | N61: =SUM(N49:N51)/N56 -> 0 | O61: =AVERAGE(J61:N61) -> 0
J63: =J59/J61 -> #DIV/0! | K63: =K59/K61 -> #DIV/0! | L63: =L59/L61 -> #DIV/0! | M63: =M59/M61 -> #DIV/0! | N63: =N59/N61 -> #DIV/0! | O63: =AVERAGE(J63:N63) -> #DIV/0!
E67: Workers:
E68: AWS | F68: 1 | G68: t2.medium
E69: AWS | F69: 18 | G69: c5.large

Sheet c180
B2: c180 | J2: Run
E3: Parameters | I3: Execution | J3: c180_1 | K3: c180_2 | L3: c180_3 | M3: c180_4 | N3: c180_5 | O3: Mean
B4: Prev | D4: Polynomial selection | E4: Primary: | G4: Job control: | I4: Size optimization | J4: 2318960 | K4: 2328610 | L4: 2321580 | M4: 2323300 | N4: 2322490 | O4: =AVERAGE(J4:N4) -> 2322988
E5: ad | G5: incr | H5: 60
B6: Contents | E6: - min: | F6: 0 | G6: ad
E7: - max: | F7: 5000000 | G7: - range: | H7: 5000
B8: Next | E8: P | F8: 5000000 | G8: threads
E9: sopteffort | F9: 0
B10: Index of Integers | E10: nq | F10: 1000
E11: nrkeep | F11: 100
E12: degree | F12: 5
B13: Index of Parameters | E13: ropteffort | I13: Root optimization | J13: 8373.96 | K13: 9774.02 | L13: 9615.17 | M13: 9658.01 | N13: 9808.14 | O13: =AVERAGE(J13:N13) -> 9445.86
I15: Generate factor base | O15: =AVERAGE(J15:N15) -> #DIV/0!
B16: Index of Results
I17: Generate free relations | O17: =AVERAGE(J17:N17) -> #DIV/0!
I21: MurphyE of poly found: | J21: 3.74e-11 | K21: 3.99e-11 | L21: 3.55e-11 | M21: 3.77e-11 | N21: 3.68e-11 | O21: =AVERAGE(J21:N21) -> 3.746e-11
I23: Wall clock (seconds): | J23: 66438 | K23: 66582 | L23: 66699 | M23: 66649 | N23: 66565 | O23: =AVERAGE(J23:N23) -> 66586.6
J25: Run
E26: Parameters | I26: Execution | J26: c180_1 | K26: c180_2 | L26: c180_3 | M26: c180_4 | N26: c180_5 | O26: Mean
D27: Lattice Sieving | E27: Primary: | G27: Job control: | I27: Lattice Sieving | O27: =AVERAGE(J27:N27) -> #DIV/0!
E28: mfb0 | F28: 92 | G28: qmin
E29: mfb1 | F29: 99 | G29: qrange | H29: 5000
E30: lambda0 | G30: threads
E31: lambda1
E32: ncurves0 | F32: 12
E33: ncurves1 | F33: 11
E34: sqside
E35: I | F35: 14
J38: Run
E39: Parameters | I39: Execution | J39: c180_1 | K39: c180_2 | L39: c180_3 | M39: c180_4 | N39: c180_5 | O39: Mean
D40: Filtering | E40: purge.keep | F40: 160 | I40: Duplicate Removal, splitting pass: | O40: =AVERAGE(J40:N40) -> #DIV/0!
E41: add_ratio | I41: Duplicate Removal, removal pass: | O41: =AVERAGE(J41:N41) -> #DIV/0!
E42: maxlevel | F42: 35 | I42: Singleton removal | O42: =AVERAGE(J42:N42) -> #DIV/0!
E43: target_density | F43: 170 | I43: Merging - merge | O43: =AVERAGE(J43:N43) -> #DIV/0!
E44: required_excess | I44: Merging - replay | O44: =AVERAGE(J44:N44) -> #DIV/0!
J47: Run
E48: Parameters | I48: Execution | J48: c180_1 | K48: c180_2 | L48: c180_3 | M48: c180_4 | N48: c180_5 | O48: Mean
D49: Linear Algebra | E49: Primary: | G49: Job control: | I49: Total | O49: =AVERAGE(J49:N49) -> #DIV/0!
E50: interval | F50: 1000 | G50: bwc.threads | I50: Quadratic | O50: =AVERAGE(J50:N50) -> #DIV/0!
E51: interleaving | F51: 0 | G51: characters.threads | I51: Square root | O51: =AVERAGE(J51:N51) -> #DIV/0!
E52: m | F52: 64
E53: n | F53: 64
E54: characters.nchar | F54: 50
I56: CPU time (seconds) | J56: =SUM(J4:J52) -> 2393772 | K56: =SUM(K4:K52) -> 2404966 | L56: =SUM(L4:L52) -> 2397894.2 | M56: =SUM(M4:M52) -> 2399607 | N56: =SUM(N4:N52) -> 2398863.1 | O56: =AVERAGE(J56:N56) -> 2399020.5
I58: Polynomial selection | J58: =SUM(J4:J18)/J56 -> 0.97224548 | K58: =SUM(K4:K18)/K56 -> 0.97231479 | L58: =SUM(L4:L18)/L56 -> 0.97218434 | M58: =SUM(M4:M18)/M56 -> 0.97222504 | N58: =SUM(N4:N18)/N56 -> 0.97225144 | O58: =AVERAGE(J58:N58) -> 0.97224422
I59: Lattice Sieving | J59: =J27/J56 -> 0 | K59: =K27/K56 -> 0 | L59: =L27/L56 -> 0 | M59: =M27/M56 -> 0 | N59: =N27/N56 -> 0 | O59: =AVERAGE(J59:N59) -> 0
I60: Filtering | J60: =SUM(J40:J44)/J56 -> 0 | K60: =SUM(K40:K44)/K56 -> 0 | L60: =SUM(L40:L44)/L56 -> 0 | M60: =SUM(M40:M44)/M56 -> 0 | N60: =SUM(N40:N44)/N56 -> 0 | O60: =AVERAGE(J60:N60) -> 0
I61: Linear Algebra | J61: =SUM(J49:J51)/J56 -> 0 | K61: =SUM(K49:K51)/K56 -> 0 | L61: =SUM(L49:L51)/L56 -> 0 | M61: =SUM(M49:M51)/M56 -> 0 | N61: =SUM(N49:N51)/N56 -> 0 | O61: =AVERAGE(J61:N61) -> 0
J63: =J59/J61 -> #DIV/0! | K63: =K59/K61 -> #DIV/0! | L63: =L59/L61 -> #DIV/0! | M63: =M59/M61 -> #DIV/0! | N63: =N59/N61 -> #DIV/0! | O63: =AVERAGE(J63:N63) -> #DIV/0!
E67: Workers:
E68: AWS | F68: 1 | G68: t2.medium
E69: AWS | F69: 18 | G69: c5.large

Sheet c185
B2: c185 | J2: Run
E3: Parameters | I3: Execution | J3: c185_1 | K3: c185_2 | L3: c185_3 | M3: c185_4 | N3: c185_5 | O3: Mean
B4: Prev | D4: Polynomial selection | E4: Primary: | G4: Job control: | I4: Size optimization | J4: 1058750 | K4: 1061330 | L4: 1062630 | M4: 1056440 | N4: 1057220 | O4: =AVERAGE(J4:N4) -> 1059274
E5: ad | G5: incr | H5: 27720
B6: Contents | E6: - min: | F6: 0 | G6: ad
E7: - max: | F7: 300000000 | G7: - range: | H7: 300000
B8: Next | E8: P | F8: 5000000 | G8: threads
E9: sopteffort | F9: 0
B10: Index of Integers | E10: nq | F10: 3125
E11: nrkeep | F11: 100
E12: degree | F12: 5
B13: Index of Parameters | E13: ropteffort | I13: Root optimization | J13: 9498.86 | K13: 6614.83 | L13: 8275.84 | M13: 8903.98 | N13: 8979.74 | O13: =AVERAGE(J13:N13) -> 8454.65
I15: Generate factor base | O15: =AVERAGE(J15:N15) -> #DIV/0!
B16: Index of Results
I17: Generate free relations | O17: =AVERAGE(J17:N17) -> #DIV/0!
I21: MurphyE of poly found: | J21: 4.33e-12 | K21: 4.6e-12 | L21: 4.46e-12 | M21: 4.54e-12 | N21: 4.83e-12 | O21: =AVERAGE(J21:N21) -> 4.552e-12
I23: Wall clock (seconds): | J23: 31709 | K23: 31957 | L23: 31659 | M23: 31613 | N23: 31652 | O23: =AVERAGE(J23:N23) -> 31718
J25: Run
E26: Parameters | I26: Execution | J26: c185_1 | K26: c185_2 | L26: c185_3 | M26: c185_4 | N26: c185_5 | O26: Mean
D27: Lattice Sieving | E27: Primary: | G27: Job control: | I27: Lattice Sieving | O27: =AVERAGE(J27:N27) -> #DIV/0!
E28: mfb0 | F28: 64 | G28: qmin
E29: mfb1 | F29: 96 | G29: qrange | H29: 10000
E30: lambda0 | G30: threads
E31: lambda1
E32: ncurves0
E33: ncurves1
E34: sqside
E35: I | F35: 15
J38: Run
E39: Parameters | I39: Execution | J39: c185_1 | K39: c185_2 | L39: c185_3 | M39: c185_4 | N39: c185_5 | O39: Mean
D40: Filtering | E40: purge.keep | F40: 160 | I40: Duplicate Removal, splitting pass: | O40: =AVERAGE(J40:N40) -> #DIV/0!
E41: add_ratio | I41: Duplicate Removal, removal pass: | O41: =AVERAGE(J41:N41) -> #DIV/0!
E42: maxlevel | F42: 35 | I42: Singleton removal | O42: =AVERAGE(J42:N42) -> #DIV/0!
E43: target_density | F43: 170 | I43: Merging - merge | O43: =AVERAGE(J43:N43) -> #DIV/0!
E44: required_excess | I44: Merging - replay | O44: =AVERAGE(J44:N44) -> #DIV/0!
J47: Run
E48: Parameters | I48: Execution | J48: c185_1 | K48: c185_2 | L48: c185_3 | M48: c185_4 | N48: c185_5 | O48: Mean
D49: Linear Algebra | E49: Primary: | G49: Job control: | I49: Total | O49: =AVERAGE(J49:N49) -> #DIV/0!
E50: interval | F50: 1000 | G50: bwc.threads | I50: Quadratic | O50: =AVERAGE(J50:N50) -> #DIV/0!
E51: interleaving | F51: 0 | G51: characters.threads | I51: Square root | O51: =AVERAGE(J51:N51) -> #DIV/0!
E52: m | F52: 64
E53: n | F53: 64
E54: characters.nchar | F54: 50
I56: CPU time (seconds) | J56: =SUM(J4:J52) -> 1099957.9 | K56: =SUM(K4:K52) -> 1099901.8 | L56: =SUM(L4:L52) -> 1102564.8 | M56: =SUM(M4:M52) -> 1096957 | N56: =SUM(N4:N52) -> 1097851.7 | O56: =AVERAGE(J56:N56) -> 1099446.6
I58: Polynomial selection | J58: =SUM(J4:J18)/J56 -> 0.97117253 | K58: =SUM(K4:K18)/K56 -> 0.97094559 | L58: =SUM(L4:L18)/L56 -> 0.97128604 | M58: =SUM(M4:M18)/M56 -> 0.97118119 | N58: =SUM(N4:N18)/N56 -> 0.97116915 | O58: =AVERAGE(J58:N58) -> 0.9711509
I59: Lattice Sieving | J59: =J27/J56 -> 0 | K59: =K27/K56 -> 0 | L59: =L27/L56 -> 0 | M59: =M27/M56 -> 0 | N59: =N27/N56 -> 0 | O59: =AVERAGE(J59:N59) -> 0
I60: Filtering | J60: =SUM(J40:J44)/J56 -> 0 | K60: =SUM(K40:K44)/K56 -> 0 | L60: =SUM(L40:L44)/L56 -> 0 | M60: =SUM(M40:M44)/M56 -> 0 | N60: =SUM(N40:N44)/N56 -> 0 | O60: =AVERAGE(J60:N60) -> 0
I61: Linear Algebra | J61: =SUM(J49:J51)/J56 -> 0 | K61: =SUM(K49:K51)/K56 -> 0 | L61: =SUM(L49:L51)/L56 -> 0 | M61: =SUM(M49:M51)/M56 -> 0 | N61: =SUM(N49:N51)/N56 -> 0 | O61: =AVERAGE(J61:N61) -> 0
J63: =J59/J61 -> #DIV/0! | K63: =K59/K61 -> #DIV/0! | L63: =L59/L61 -> #DIV/0! | M63: =M59/M61 -> #DIV/0! | N63: =N59/N61 -> #DIV/0! | O63: =AVERAGE(J63:N63) -> #DIV/0!
E67: Workers:
E68: AWS | F68: 1 | G68: t2.medium
E69: AWS | F69: 18 | G69: c5.large

Sheet c190
B2: c190 | J2: Run
E3: Parameters | I3: Execution | J3: c190_1 | K3: c190_2 | L3: c190_3 | M3: c190_4 | N3: c190_5 | O3: Mean
B4: Prev | D4: Polynomial selection | E4: Primary: | G4: Job control: | I4: Size optimization | J4: 6683740 | K4: 6670940 | L4: 6673420 | M4: 6680800 | N4: 6688180 | O4: =AVERAGE(J4:N4) -> 6679416
E5: ad | G5: incr | H5: 420
B6: Contents | E6: - min: | F6: 0 | G6: ad
E7: - max: | F7: 30000000 | G7: - range: | H7: 4200
B8: Next | E8: P | F8: 5000000 | G8: threads
E9: sopteffort | F9: 0
B10: Index of Integers | E10: nq | F10: 3125
E11: nrkeep | F11: 100
E12: degree | F12: 5
B13: Index of Parameters | E13: ropteffort | I13: Root optimization | J13: 12371.4 | K13: 13095.5 | L13: 12509.6 | M13: 12200.9 | N13: 13605.5 | O13: =AVERAGE(J13:N13) -> 12756.58
I15: Generate factor base | O15: =AVERAGE(J15:N15) -> #DIV/0!
B16: Index of Results
I17: Generate free relations | O17: =AVERAGE(J17:N17) -> #DIV/0!
I21: MurphyE of poly found: | J21: 8.95e-12 | K21: 8.8e-12 | L21: 9.16e-12 | M21: 9.17e-12 | N21: 8.25e-12 | O21: =AVERAGE(J21:N21) -> 8.866e-12
I23: Wall clock (seconds): | J23: 197070 | K23: 196908 | L23: 196494 | M23: 196912 | N23: 197157 | O23: =AVERAGE(J23:N23) -> 196908.2
J25: Run
E26: Parameters | I26: Execution | J26: c190_1 | K26: c190_2 | L26: c190_3 | M26: c190_4 | N26: c190_5 | O26: Mean
D27: Lattice Sieving | E27: Primary: | G27: Job control: | I27: Lattice Sieving | O27: =AVERAGE(J27:N27) -> #DIV/0!
E28: mfb0 | F28: 85 | G28: qmin
E29: mfb1 | F29: 96 | G29: qrange | H29: 10000
E30: lambda0 | G30: threads
E31: lambda1
E32: ncurves0 | F32: 13
E33: ncurves1 | F33: 13
E34: sqside
E35: I | F35: 15
J38: Run
E39: Parameters | I39: Execution | J39: c190_1 | K39: c190_2 | L39: c190_3 | M39: c190_4 | N39: c190_5 | O39: Mean
D40: Filtering | E40: purge.keep | F40: 160 | I40: Duplicate Removal, splitting pass: | O40: =AVERAGE(J40:N40) -> #DIV/0!
E41: add_ratio | I41: Duplicate Removal, removal pass: | O41: =AVERAGE(J41:N41) -> #DIV/0!
E42: maxlevel | F42: 35 | I42: Singleton removal | O42: =AVERAGE(J42:N42) -> #DIV/0!
E43: target_density | F43: 170 | I43: Merging - merge | O43: =AVERAGE(J43:N43) -> #DIV/0!
E44: required_excess | I44: Merging - replay | O44: =AVERAGE(J44:N44) -> #DIV/0!
J47: Run
E48: Parameters | I48: Execution | J48: c190_1 | K48: c190_2 | L48: c190_3 | M48: c190_4 | N48: c190_5 | O48: Mean
D49: Linear Algebra | E49: Primary: | G49: Job control: | I49: Total | O49: =AVERAGE(J49:N49) -> #DIV/0!
E50: interval | F50: 1000 | G50: bwc.threads | I50: Quadratic | O50: =AVERAGE(J50:N50) -> #DIV/0!
E51: interleaving | F51: 0 | G51: characters.threads | I51: Square root | O51: =AVERAGE(J51:N51) -> #DIV/0!
E52: m | F52: 64
E53: n | F53: 64
E54: characters.nchar | F54: 50
I56: CPU time (seconds) | J56: =SUM(J4:J52) -> 6893181.4 | K56: =SUM(K4:K52) -> 6880943.5 | L56: =SUM(L4:L52) -> 6882423.6 | M56: =SUM(M4:M52) -> 6889912.9 | N56: =SUM(N4:N52) -> 6898942.5 | O56: =AVERAGE(J56:N56) -> 6889080.8
I58: Polynomial selection | J58: =SUM(J4:J18)/J56 -> 0.97141088 | K58: =SUM(K4:K18)/K56 -> 0.97138358 | L58: =SUM(L4:L18)/L56 -> 0.97144988 | M58: =SUM(M4:M18)/M56 -> 0.97142025 | N58: =SUM(N4:N18)/N56 -> 0.97142214 | O58: =AVERAGE(J58:N58) -> 0.97141735
I59: Lattice Sieving | J59: =J27/J56 -> 0 | K59: =K27/K56 -> 0 | L59: =L27/L56 -> 0 | M59: =M27/M56 -> 0 | N59: =N27/N56 -> 0 | O59: =AVERAGE(J59:N59) -> 0
I60: Filtering | J60: =SUM(J40:J44)/J56 -> 0 | K60: =SUM(K40:K44)/K56 -> 0 | L60: =SUM(L40:L44)/L56 -> 0 | M60: =SUM(M40:M44)/M56 -> 0 | N60: =SUM(N40:N44)/N56 -> 0 | O60: =AVERAGE(J60:N60) -> 0
I61: Linear Algebra | J61: =SUM(J49:J51)/J56 -> 0 | K61: =SUM(K49:K51)/K56 -> 0 | L61: =SUM(L49:L51)/L56 -> 0 | M61: =SUM(M49:M51)/M56 -> 0 | N61: =SUM(N49:N51)/N56 -> 0 | O61: =AVERAGE(J61:N61) -> 0
J63: =J59/J61 -> #DIV/0! | K63: =K59/K61 -> #DIV/0! | L63: =L59/L61 -> #DIV/0! | M63: =M59/M61 -> #DIV/0! | N63: =N59/N61 -> #DIV/0! | O63: =AVERAGE(J63:N63) -> #DIV/0!
E67: Workers:
E68: AWS | F68: 1 | G68: t2.medium
E69: AWS | F69: 18 | G69: c5.large

Sheet c195
B2: c195 | J2: Run
E3: Parameters | I3: Execution | J3: c195_1 | K3: c195_2 | L3: c195_3 | M3: c195_4 | N3: c195_5 | O3: Mean
B4: Prev | D4: Polynomial selection | E4: Primary: | G4: Job control: | I4: Size optimization | O4: =AVERAGE(J4:N4) -> #DIV/0!
E5: ad | G5: incr | H5: 60
B6: Contents | E6: - min: | F6: 0 | G6: ad
E7: - max: | F7: 50000000 | G7: - range: | H7: 50000
B8: Next | E8: P | F8: 10000000 | G8: threads
E9: sopteffort | F9: 0
B10: Index of Integers | E10: nq | F10: 1000
E11: nrkeep | F11: 100
E12: degree | F12: 5
B13: Index of Parameters | E13: ropteffort | I13: Root optimization | O13: =AVERAGE(J13:N13) -> #DIV/0!
I15: Generate factor base | O15: =AVERAGE(J15:N15) -> #DIV/0!
B16: Index of Results
I17: Generate free relations | O17: =AVERAGE(J17:N17) -> #DIV/0!
I21: MurphyE of poly found: | O21: =AVERAGE(J21:N21) -> #DIV/0!
I23: Wall clock (seconds): | O23: =AVERAGE(J23:N23) -> #DIV/0!
J25: Run
E26: Parameters | I26: Execution | J26: c195_1 | K26: c195_2 | L26: c195_3 | M26: c195_4 | N26: c195_5 | O26: Mean
D27: Lattice Sieving | E27: Primary: | G27: Job control: | I27: Lattice Sieving | O27: =AVERAGE(J27:N27) -> #DIV/0!
E28: mfb0 | F28: 85 | G28: qmin
E29: mfb1 | F29: 96 | G29: qrange | H29: 10000
E30: lambda0 | G30: threads
E31: lambda1
E32: ncurves0 | F32: 13
E33: ncurves1 | F33: 13
E34: sqside
E35: I | F35: 15
J38: Run
E39: Parameters | I39: Execution | J39: c195_1 | K39: c195_2 | L39: c195_3 | M39: c195_4 | N39: c195_5 | O39: Mean
D40: Filtering | E40: purge.keep | F40: 160 | I40: Duplicate Removal, splitting pass: | O40: =AVERAGE(J40:N40) -> #DIV/0!
E41: add_ratio | I41: Duplicate Removal, removal pass: | O41: =AVERAGE(J41:N41) -> #DIV/0!
E42: maxlevel | F42: 35 | I42: Singleton removal | O42: =AVERAGE(J42:N42) -> #DIV/0!
E43: target_density | F43: 170 | I43: Merging - merge | O43: =AVERAGE(J43:N43) -> #DIV/0!
E44: required_excess | I44: Merging - replay | O44: =AVERAGE(J44:N44) -> #DIV/0!
J47: Run
E48: Parameters | I48: Execution | J48: c195_1 | K48: c195_2 | L48: c195_3 | M48: c195_4 | N48: c195_5 | O48: Mean
D49: Linear Algebra | E49: Primary: | G49: Job control: | I49: Total | O49: =AVERAGE(J49:N49) -> #DIV/0!
E50: interval | F50: 1000 | G50: bwc.threads | I50: Quadratic | O50: =AVERAGE(J50:N50) -> #DIV/0!
E51: interleaving | F51: 0 | G51: characters.threads | I51: Square root | O51: =AVERAGE(J51:N51) -> #DIV/0!
E52: m | F52: 64
E53: n | F53: 64
E54: characters.nchar | F54: 50
I56: CPU time (seconds) | J56: =SUM(J4:J52) -> 0 | K56: =SUM(K4:K52) -> 0 | L56: =SUM(L4:L52) -> 0 | M56: =SUM(M4:M52) -> 0 | N56: =SUM(N4:N52) -> 0 | O56: =AVERAGE(J56:N56) -> 0
I58: Polynomial selection | J58: =SUM(J4:J18)/J56 -> #DIV/0! | K58: =SUM(K4:K18)/K56 -> #DIV/0! | L58: =SUM(L4:L18)/L56 -> #DIV/0! | M58: =SUM(M4:M18)/M56 -> #DIV/0! | N58: =SUM(N4:N18)/N56 -> #DIV/0! | O58: =AVERAGE(J58:N58) -> #DIV/0!
I59: Lattice Sieving | J59: =J27/J56 -> #DIV/0! | K59: =K27/K56 -> #DIV/0! | L59: =L27/L56 -> #DIV/0! | M59: =M27/M56 -> #DIV/0! | N59: =N27/N56 -> #DIV/0! | O59: =AVERAGE(J59:N59) -> #DIV/0!
I60: Filtering | J60: =SUM(J40:J44)/J56 -> #DIV/0! | K60: =SUM(K40:K44)/K56 -> #DIV/0! | L60: =SUM(L40:L44)/L56 -> #DIV/0! | M60: =SUM(M40:M44)/M56 -> #DIV/0! | N60: =SUM(N40:N44)/N56 -> #DIV/0! | O60: =AVERAGE(J60:N60) -> #DIV/0!
I61: Linear Algebra | J61: =SUM(J49:J51)/J56 -> #DIV/0! | K61: =SUM(K49:K51)/K56 -> #DIV/0! | L61: =SUM(L49:L51)/L56 -> #DIV/0! | M61: =SUM(M49:M51)/M56 -> #DIV/0! | N61: =SUM(N49:N51)/N56 -> #DIV/0! | O61: =AVERAGE(J61:N61) -> #DIV/0!
J63: =J59/J61 -> #DIV/0! | K63: =K59/K61 -> #DIV/0! | L63: =L59/L61 -> #DIV/0! | M63: =M59/M61 -> #DIV/0! | N63: =N59/N61 -> #DIV/0! | O63: =AVERAGE(J63:N63) -> #DIV/0!
E67: Workers:
E68: AWS | F68: 1 | G68: t2.medium
E69: AWS | F69: 18 | G69: c5.large

Sheet c200
B2: c200 | J2: Run
E3: Parameters | I3: Execution | J3: c200_1 | K3: c200_2 | L3: c200_3 | M3: c200_4 | N3: c200_5 | O3: Mean
B4: Prev | D4: Polynomial selection | E4: Primary: | G4: Job control: | I4: Size optimization | O4: =AVERAGE(J4:N4) -> #DIV/0!
E5: ad | G5: incr | H5: 60
B6: Contents | E6: - min: | F6: 0 | G6: ad
E7: - max: | F7: 10000000 | G7: - range: | H7: 1000
B8: Next | E8: P | F8: 10000000 | G8: threads
E9: sopteffort | F9: 0
B10: Index of Integers | E10: nq | F10: 3125
E11: nrkeep | F11: 100
E12: degree | F12: 5
B13: Index of Parameters | E13: ropteffort | I13: Root optimization | O13: =AVERAGE(J13:N13) -> #DIV/0!
I15: Generate factor base | O15: =AVERAGE(J15:N15) -> #DIV/0!
B16: Index of Results
I17: Generate free relations | O17: =AVERAGE(J17:N17) -> #DIV/0!
I21: MurphyE of poly found: | O21: =AVERAGE(J21:N21) -> #DIV/0!
J23: Run
E24: Parameters | I24: Execution | J24: c200_1 | K24: c200_2 | L24: c200_3 | M24: c200_4 | N24: c200_5 | O24: Mean
D25: Lattice Sieving | E25: Primary: | G25: Job control: | I25: Lattice Sieving | O25: =AVERAGE(J25:N25) -> #DIV/0!
E26: mfb0 | F26: 85 | G26: qmin
E27: mfb1 | F27: 96 | G27: qrange | H27: 10000
E28: lambda0 | G28: threads
E29: lambda1
E30: ncurves0 | F30: 13
E31: ncurves1 | F31: 13
E32: sqside
E33: I | F33: 15
J36: Run
E37: Parameters | I37: Execution | J37: c200_1 | K37: c200_2 | L37: c200_3 | M37: c200_4 | N37: c200_5 | O37: Mean
D38: Filtering | E38: purge.keep | F38: 160 | I38: Duplicate Removal, splitting pass: | O38: =AVERAGE(J38:N38) -> #DIV/0!
E39: add_ratio | I39: Duplicate Removal, removal pass: | O39: =AVERAGE(J39:N39) -> #DIV/0!
E40: maxlevel | F40: 35 | I40: Singleton removal | O40: =AVERAGE(J40:N40) -> #DIV/0!
E41: target_density | F41: 170 | I41: Merging - merge | O41: =AVERAGE(J41:N41) -> #DIV/0!
E42: required_excess | I42: Merging - replay | O42: =AVERAGE(J42:N42) -> #DIV/0!
J45: Run
E46: Parameters | I46: Execution | J46: c200_1 | K46: c200_2 | L46: c200_3 | M46: c200_4 | N46: c200_5 | O46: Mean
D47: Linear Algebra | E47: Primary: | G47: Job control: | I47: Total | O47: =AVERAGE(J47:N47) -> #DIV/0!
E48: interval | F48: 1000 | G48: bwc.threads | I48: Quadratic | O48: =AVERAGE(J48:N48) -> #DIV/0!
E49: interleaving | F49: 0 | G49: characters.threads | I49: Square root | O49: =AVERAGE(J49:N49) -> #DIV/0!
E50: m | F50: 64
E51: n | F51: 64
E52: characters.nchar | F52: 50
I54: CPU time (seconds) | J54: =SUM(J4:J50) -> 0 | K54: =SUM(K4:K50) -> 0 | L54: =SUM(L4:L50) -> 0 | M54: =SUM(M4:M50) -> 0 | N54: =SUM(N4:N50) -> 0 | O54: =AVERAGE(J54:N54) -> 0
I56: Polynomial selection | J56: =SUM(J4:J18)/J54 -> #DIV/0! | K56: =SUM(K4:K18)/K54 -> #DIV/0! | L56: =SUM(L4:L18)/L54 -> #DIV/0! | M56: =SUM(M4:M18)/M54 -> #DIV/0! | N56: =SUM(N4:N18)/N54 -> #DIV/0! | O56: =AVERAGE(J56:N56) -> #DIV/0!
I57: Lattice Sieving | J57: =J25/J54 -> #DIV/0! | K57: =K25/K54 -> #DIV/0! | L57: =L25/L54 -> #DIV/0! | M57: =M25/M54 -> #DIV/0! | N57: =N25/N54 -> #DIV/0! | O57: =AVERAGE(J57:N57) -> #DIV/0!
I58: Filtering | J58: =SUM(J38:J42)/J54 -> #DIV/0! | K58: =SUM(K38:K42)/K54 -> #DIV/0! | L58: =SUM(L38:L42)/L54 -> #DIV/0! | M58: =SUM(M38:M42)/M54 -> #DIV/0! | N58: =SUM(N38:N42)/N54 -> #DIV/0! | O58: =AVERAGE(J58:N58) -> #DIV/0!
I59: Linear Algebra | J59: =SUM(J47:J49)/J54 -> #DIV/0! | K59: =SUM(K47:K49)/K54 -> #DIV/0! | L59: =SUM(L47:L49)/L54 -> #DIV/0! | M59: =SUM(M47:M49)/M54 -> #DIV/0! | N59: =SUM(N47:N49)/N54 -> #DIV/0! | O59: =AVERAGE(J59:N59) -> #DIV/0!
J61: =J57/J59 -> #DIV/0! | K61: =K57/K59 -> #DIV/0! | L61: =L57/L59 -> #DIV/0! | M61: =M57/M59 -> #DIV/0! | N61: =N57/N59 -> #DIV/0! | O61: =AVERAGE(J61:N61) -> #DIV/0!
E65: Workers:
E66: AWS | F66: 1 | G66: t2.medium
E67: AWS | F67: 18 | G67: c5.large

Sheet c205
B2: c205 | J2: Run
E3: Parameters | I3: Execution | J3: c205_1 | K3: c205_2 | L3: c205_3 | M3: c205_4 | N3: c205_5 | O3: Mean
B4: Prev | D4: Polynomial selection | E4: Primary: | G4: Job control: | I4: Size optimization | O4: =AVERAGE(J4:N4) -> #DIV/0!
E5: ad | G5: incr | H5: 60
B6: Contents | E6: - min: | F6: 0 | G6: ad
E7: - max: | F7: 50000000 | G7: - range: | H7: 500000
B8: Next | E8: P | F8: 10000000 | G8: threads
E9: sopteffort | F9: 0
B10: Index of Integers | E10: nq | F10: 1000
E11: nrkeep | F11: 100
E12: degree | F12: 5
B13: Index of Parameters | E13: ropteffort | I13: Root optimization | O13: =AVERAGE(J13:N13) -> #DIV/0!
I15: Generate factor base | O15: =AVERAGE(J15:N15) -> #DIV/0!
B16: Index of Results
I17: Generate free relations | O17: =AVERAGE(J17:N17) -> #DIV/0!
I21: MurphyE of poly found: | O21: =AVERAGE(J21:N21) -> #DIV/0!
J23: Run
E24: Parameters | I24: Execution | J24: c205_1 | K24: c205_2 | L24: c205_3 | M24: c205_4 | N24: c205_5 | O24: Mean
D25: Lattice Sieving | E25: Primary: | G25: Job control: | I25: Lattice Sieving | O25: =AVERAGE(J25:N25) -> #DIV/0!
E26: mfb0 | F26: 66 | G26: qmin
E27: mfb1 | F27: 99 | G27: qrange | H27: 10000
E28: lambda0 | G28: threads
E29: lambda1
E30: ncurves0
E31: ncurves1
E32: sqside
E33: I | F33: 15
J36: Run
E37: Parameters | I37: Execution | J37: c205_1 | K37: c205_2 | L37: c205_3 | M37: c205_4 | N37: c205_5 | O37: Mean
D38: Filtering | E38: purge.keep | F38: 160 | I38: Duplicate Removal, splitting pass: | O38: =AVERAGE(J38:N38) -> #DIV/0!
E39: add_ratio | I39: Duplicate Removal, removal pass: | O39: =AVERAGE(J39:N39) -> #DIV/0!
E40: maxlevel | F40: 35 | I40: Singleton removal | O40: =AVERAGE(J40:N40) -> #DIV/0!
E41: target_density | F41: 170 | I41: Merging - merge | O41: =AVERAGE(J41:N41) -> #DIV/0!
E42: required_excess | I42: Merging - replay | O42: =AVERAGE(J42:N42) -> #DIV/0!
J45: Run
E46: Parameters | I46: Execution | J46: c205_1 | K46: c205_2 | L46: c205_3 | M46: c205_4 | N46: c205_5 | O46: Mean
D47: Linear Algebra | E47: Primary: | G47: Job control: | I47: Total | O47: =AVERAGE(J47:N47) -> #DIV/0!
E48: interval | F48: 1000 | G48: bwc.threads | I48: Quadratic | O48: =AVERAGE(J48:N48) -> #DIV/0!
E49: interleaving | F49: 0 | G49: characters.threads | I49: Square root | O49: =AVERAGE(J49:N49) -> #DIV/0!
E50: m | F50: 64
E51: n | F51: 64
E52: characters.nchar | F52: 50
I54: CPU time (seconds) | J54: =SUM(J4:J50) -> 0 | K54: =SUM(K4:K50) -> 0 | L54: =SUM(L4:L50) -> 0 | M54: =SUM(M4:M50) -> 0 | N54: =SUM(N4:N50) -> 0 | O54: =AVERAGE(J54:N54) -> 0
I56: Polynomial selection | J56: =SUM(J4:J18)/J54 -> #DIV/0! | K56: =SUM(K4:K18)/K54 -> #DIV/0! | L56: =SUM(L4:L18)/L54 -> #DIV/0! | M56: =SUM(M4:M18)/M54 -> #DIV/0! | N56: =SUM(N4:N18)/N54 -> #DIV/0! | O56: =AVERAGE(J56:N56) -> #DIV/0!
I57: Lattice Sieving | J57: =J25/J54 -> #DIV/0! | K57: =K25/K54 -> #DIV/0! | L57: =L25/L54 -> #DIV/0! | M57: =M25/M54 -> #DIV/0! | N57: =N25/N54 -> #DIV/0! | O57: =AVERAGE(J57:N57) -> #DIV/0!
I58: Filtering | J58: =SUM(J38:J42)/J54 -> #DIV/0! | K58: =SUM(K38:K42)/K54 -> #DIV/0! | L58: =SUM(L38:L42)/L54 -> #DIV/0! | M58: =SUM(M38:M42)/M54 -> #DIV/0! | N58: =SUM(N38:N42)/N54 -> #DIV/0! | O58: =AVERAGE(J58:N58) -> #DIV/0!
I59: Linear Algebra | J59: =SUM(J47:J49)/J54 -> #DIV/0! | K59: =SUM(K47:K49)/K54 -> #DIV/0! | L59: =SUM(L47:L49)/L54 -> #DIV/0! | M59: =SUM(M47:M49)/M54 -> #DIV/0! | N59: =SUM(N47:N49)/N54 -> #DIV/0! | O59: =AVERAGE(J59:N59) -> #DIV/0!
J61: =J57/J59 -> #DIV/0! | K61: =K57/K59 -> #DIV/0! | L61: =L57/L59 -> #DIV/0! | M61: =M57/M59 -> #DIV/0! | N61: =N57/N59 -> #DIV/0! | O61: =AVERAGE(J61:N61) -> #DIV/0!
E65: Workers:
E66: AWS | F66: 1 | G66: t2.medium
E67: AWS | F67: 18 | G67: c5.large

Sheet c210
B2: c210 | J2: Run
E3: Parameters | I3: Execution | J3: c210_1 | K3: c210_2 | L3: c210_3 | M3: c210_4 | N3: c210_5 | O3: Mean
B4: Prev | D4: Polynomial selection | E4: Primary: | G4: Job control: | I4: Size optimization | O4: =AVERAGE(J4:N4) -> #DIV/0!
E5: ad | G5: incr | H5: 60
B6: Contents | E6: - min: | F6: 0 | G6: ad
E7: - max: | F7: 200000000 | G7: - range: | H7: 10000
B8: Next | E8: P | F8: 50000000 | G8: threads
E9: sopteffort | F9: 0
B10: Index of Integers | E10: nq | F10: 1296
E11: nrkeep | F11: 100
E12: degree | F12: 6
B13: Index of Parameters | E13: ropteffort | F13: 10 | I13: Root optimization | O13: =AVERAGE(J13:N13) -> #DIV/0!
I15: Generate factor base | O15: =AVERAGE(J15:N15) -> #DIV/0!
B16: Index of Results
I17: Generate free relations | O17: =AVERAGE(J17:N17) -> #DIV/0!
I21: MurphyE of poly found: | O21: =AVERAGE(J21:N21) -> #DIV/0!
J23: Run
E24: Parameters | I24: Execution | J24: c210_1 | K24: c210_2 | L24: c210_3 | M24: c210_4 | N24: c210_5 | O24: Mean
D25: Lattice Sieving | E25: Primary: | G25: Job control: | I25: Lattice Sieving | O25: =AVERAGE(J25:N25) -> #DIV/0!
E26: mfb0 | F26: 76 | G26: qmin
E27: mfb1 | F27: 104 | G27: qrange | H27: 10000
E28: lambda0 | G28: threads
E29: lambda1
E30: ncurves0 | F30: 26
E31: ncurves1 | F31: 21
E32: sqside
E33: I | F33: 15
J36: Run
E37: Parameters | I37: Execution | J37: c210_1 | K37: c210_2 | L37: c210_3 | M37: c210_4 | N37: c210_5 | O37: Mean
D38: Filtering | E38: purge.keep | F38: 160 | I38: Duplicate Removal, splitting pass: | O38: =AVERAGE(J38:N38) -> #DIV/0!
E39: add_ratio | I39: Duplicate Removal, removal pass: | O39: =AVERAGE(J39:N39) -> #DIV/0!
E40: maxlevel | F40: 40 | I40: Singleton removal | O40: =AVERAGE(J40:N40) -> #DIV/0!
E41: target_density | F41: 170 | I41: Merging - merge | O41: =AVERAGE(J41:N41) -> #DIV/0!
E42: required_excess | I42: Merging - replay | O42: =AVERAGE(J42:N42) -> #DIV/0!
J45: Run
E46: Parameters | I46: Execution | J46: c210_1 | K46: c210_2 | L46: c210_3 | M46: c210_4 | N46: c210_5 | O46: Mean
D47: Linear Algebra | E47: Primary: | G47: Job control: | I47: Total | O47: =AVERAGE(J47:N47) -> #DIV/0!
E48: interval | F48: 1000 | G48: bwc.threads | I48: Quadratic | O48: =AVERAGE(J48:N48) -> #DIV/0!
E49: interleaving | F49: 0 | G49: characters.threads | I49: Square root | O49: =AVERAGE(J49:N49) -> #DIV/0!
E50: m | F50: 64
E51: n | F51: 64
E52: characters.nchar | F52: 50
I54: CPU time (seconds) | J54: =SUM(J4:J50) -> 0 | K54: =SUM(K4:K50) -> 0 | L54: =SUM(L4:L50) -> 0 | M54: =SUM(M4:M50) -> 0 | N54: =SUM(N4:N50) -> 0 | O54: =AVERAGE(J54:N54) -> 0
I56: Polynomial selection | J56: =SUM(J4:J18)/J54 -> #DIV/0! | K56: =SUM(K4:K18)/K54 -> #DIV/0! | L56: =SUM(L4:L18)/L54 -> #DIV/0! | M56: =SUM(M4:M18)/M54 -> #DIV/0! | N56: =SUM(N4:N18)/N54 -> #DIV/0! | O56: =AVERAGE(J56:N56) -> #DIV/0!
I57: Lattice Sieving | J57: =J25/J54 -> #DIV/0! | K57: =K25/K54 -> #DIV/0! | L57: =L25/L54 -> #DIV/0! | M57: =M25/M54 -> #DIV/0! | N57: =N25/N54 -> #DIV/0! | O57: =AVERAGE(J57:N57) -> #DIV/0!
I58: Filtering | J58: =SUM(J38:J42)/J54 -> #DIV/0! | K58: =SUM(K38:K42)/K54 -> #DIV/0! | L58: =SUM(L38:L42)/L54 -> #DIV/0! | M58: =SUM(M38:M42)/M54 -> #DIV/0! | N58: =SUM(N38:N42)/N54 -> #DIV/0! | O58: =AVERAGE(J58:N58) -> #DIV/0!
I59: Linear Algebra | J59: =SUM(J47:J49)/J54 -> #DIV/0! | K59: =SUM(K47:K49)/K54 -> #DIV/0! | L59: =SUM(L47:L49)/L54 -> #DIV/0! | M59: =SUM(M47:M49)/M54 -> #DIV/0! | N59: =SUM(N47:N49)/N54 -> #DIV/0! | O59: =AVERAGE(J59:N59) -> #DIV/0!
J61: =J57/J59 -> #DIV/0! | K61: =K57/K59 -> #DIV/0! | L61: =L57/L59 -> #DIV/0! | M61: =M57/M59 -> #DIV/0! | N61: =N57/N59 -> #DIV/0! | O61: =AVERAGE(J61:N61) -> #DIV/0!
E65: Workers:
E66: AWS | F66: 1 | G66: t2.medium
E67: AWS | F67: 18 | G67: c5.large

Sheet c220
B2: c220 | J2: Run
E3: Parameters | I3: Execution | J3: c220_1 | K3: c220_2 | L3: c220_3 | M3: c220_4 | N3: c220_5 | O3: Mean
B4: Prev | D4: Polynomial selection | E4: Primary: | G4: Job control: | I4: Size optimization | O4: =AVERAGE(J4:N4) -> #DIV/0!
E5: ad | G5: incr | H5: 60
B6: Contents | E6: - min: | F6: 0 | G6: ad
E7: - max: | F7: 100000000 | G7: - range: | H7: 1000000
B8: Next | E8: P | F8: 10000000 | G8: threads
E9: sopteffort | F9: 0
B10: Index of Integers | E10: nq | F10: 1296
E11: nrkeep | F11: 100
E12: degree | F12: 6
B13: Index of Parameters | E13: ropteffort | I13: Root optimization | O13: =AVERAGE(J13:N13) -> #DIV/0!
I15: Generate factor base | O15: =AVERAGE(J15:N15) -> #DIV/0!
B16: Index of Results
I17: Generate free relations | O17: =AVERAGE(J17:N17) -> #DIV/0!
I21: MurphyE of poly found: | O21: =AVERAGE(J21:N21) -> #DIV/0!
J23: Run
E24: Parameters | I24: Execution | J24: c220_1 | K24: c220_2 | L24: c220_3 | M24: c220_4 | N24: c220_5 | O24: Mean
D25: Lattice Sieving | E25: Primary: | G25: Job control: | I25: Lattice Sieving | O25: =AVERAGE(J25:N25) -> #DIV/0!
E26: mfb0 | F26: 77 | G26: qmin
E27: mfb1 | F27: 102 | G27: qrange | H27: 10000
E28: lambda0 | G28: threads
E29: lambda1
E30: ncurves0 | F30: 26
E31: ncurves1 | F31: 21
E32: sqside
E33: I | F33: 16
J36: Run
E37: Parameters | I37: Execution | J37: c220_1 | K37: c220_2 | L37: c220_3 | M37: c220_4 | N37: c220_5 | O37: Mean
D38: Filtering | E38: purge.keep | F38: 160 | I38: Duplicate Removal, splitting pass: | O38: =AVERAGE(J38:N38) -> #DIV/0!
E39: add_ratio | I39: Duplicate Removal, removal pass: | O39: =AVERAGE(J39:N39) -> #DIV/0!
E40: maxlevel | F40: 40 | I40: Singleton removal | O40: =AVERAGE(J40:N40) -> #DIV/0!
E41: target_density | F41: 175 | I41: Merging - merge | O41: =AVERAGE(J41:N41) -> #DIV/0!
E42: required_excess | I42: Merging - replay | O42: =AVERAGE(J42:N42) -> #DIV/0!
J45: Run
E46: Parameters | I46: Execution | J46: c220_1 | K46: c220_2 | L46: c220_3 | M46: c220_4 | N46: c220_5 | O46: Mean
D47: Linear Algebra | E47: Primary: | G47: Job control: | I47: Total | O47: =AVERAGE(J47:N47) -> #DIV/0!
E48: interval | F48: 1000 | G48: bwc.threads | I48: Quadratic | O48: =AVERAGE(J48:N48) -> #DIV/0!
E49: interleaving | F49: 0 | G49: characters.threads | I49: Square root | O49: =AVERAGE(J49:N49) -> #DIV/0!
E50: m | F50: 64
E51: n | F51: 64
E52: characters.nchar | F52: 50
I54: CPU time (seconds) | J54: =SUM(J4:J50) -> 0 | K54: =SUM(K4:K50) -> 0 | L54: =SUM(L4:L50) -> 0 | M54: =SUM(M4:M50) -> 0 | N54: =SUM(N4:N50) -> 0 | O54: =AVERAGE(J54:N54) -> 0
I56: Polynomial selection | J56: =SUM(J4:J18)/J54 -> #DIV/0! | K56: =SUM(K4:K18)/K54 -> #DIV/0! | L56: =SUM(L4:L18)/L54 -> #DIV/0! | M56: =SUM(M4:M18)/M54 -> #DIV/0! | N56: =SUM(N4:N18)/N54 -> #DIV/0! | O56: =AVERAGE(J56:N56) -> #DIV/0!
I57: Lattice Sieving | J57: =J25/J54 -> #DIV/0! | K57: =K25/K54 -> #DIV/0! | L57: =L25/L54 -> #DIV/0! | M57: =M25/M54 -> #DIV/0! | N57: =N25/N54 -> #DIV/0! | O57: =AVERAGE(J57:N57) -> #DIV/0!
I58: Filtering | J58: =SUM(J38:J42)/J54 -> #DIV/0! | K58: =SUM(K38:K42)/K54 -> #DIV/0! | L58: =SUM(L38:L42)/L54 -> #DIV/0! | M58: =SUM(M38:M42)/M54 -> #DIV/0! | N58: =SUM(N38:N42)/N54 -> #DIV/0! | O58: =AVERAGE(J58:N58) -> #DIV/0!
I59: Linear Algebra | J59: =SUM(J47:J49)/J54 -> #DIV/0! | K59: =SUM(K47:K49)/K54 -> #DIV/0! | L59: =SUM(L47:L49)/L54 -> #DIV/0! | M59: =SUM(M47:M49)/M54 -> #DIV/0! | N59: =SUM(N47:N49)/N54 -> #DIV/0! | O59: =AVERAGE(J59:N59) -> #DIV/0!
J61: =J57/J59 -> #DIV/0! | K61: =K57/K59 -> #DIV/0! | L61: =L57/L59 -> #DIV/0! | M61: =M57/M59 -> #DIV/0! | N61: =N57/N59 -> #DIV/0! | O61: =AVERAGE(J61:N61) -> #DIV/0!
E65: Workers:
E66: AWS | F66: 1 | G66: t2.medium
E67: AWS | F67: 18 | G67: c5.large

Sheet c230
B2: c230 | J2: Run
E3: Parameters | I3: Execution | J3: c230_1 | K3: c230_2 | L3: c230_3 | M3: c230_4 | N3: c230_5 | O3: Mean
B4: Prev | D4: Polynomial selection | E4: Primary: | G4: Job control: | I4: Size optimization | O4: =AVERAGE(J4:N4) -> #DIV/0!
E5: ad | G5: incr | H5: 60
B6: Contents | E6: - min: | F6: 0 | G6: ad
E7: - max: | F7: 100000000 | G7: - range: | H7: 1000000
B8: Next | E8: P | F8: 10000000 | G8: threads
E9: sopteffort | F9: 0
B10: Index of Integers | E10: nq | F10: 1296
E11: nrkeep | F11: 100
E12: degree | F12: 6
B13: Index of Parameters | E13: ropteffort | I13: Root optimization | O13: =AVERAGE(J13:N13) -> #DIV/0!
I15: Generate factor base | O15: =AVERAGE(J15:N15) -> #DIV/0!
B16: Index of Results
I17: Generate free relations | O17: =AVERAGE(J17:N17) -> #DIV/0!
I21: MurphyE of poly found: | O21: =AVERAGE(J21:N21) -> #DIV/0!
J23: Run
E24: Parameters | I24: Execution | J24: c230_1 | K24: c230_2 | L24: c230_3 | M24: c230_4 | N24: c230_5 | O24: Mean
D25: Lattice Sieving | E25: Primary: | G25: Job control: | I25: Lattice Sieving | O25: =AVERAGE(J25:N25) -> #DIV/0!
E26: mfb0 | F26: 79 | G26: qmin
E27: mfb1 | F27: 111 | G27: qrange | H27: 10000
E28: lambda0 | G28: threads
E29: lambda1
E30: ncurves0 | F30: 33
E31: ncurves1 | F31: 31
E32: sqside
E33: I | F33: 16
J36: Run
E37: Parameters | I37: Execution | J37: c230_1 | K37: c230_2 | L37: c230_3 | M37: c230_4 | N37: c230_5 | O37: Mean
D38: Filtering | E38: purge.keep | F38: 160 | I38: Duplicate Removal, splitting pass: | O38: =AVERAGE(J38:N38) -> #DIV/0!
E39: add_ratio | I39: Duplicate Removal, removal pass: | O39: =AVERAGE(J39:N39) -> #DIV/0!
E40: maxlevel | F40: 40 | I40: Singleton removal | O40: =AVERAGE(J40:N40) -> #DIV/0!
E41: target_density | F41: 170 | I41: Merging - merge | O41: =AVERAGE(J41:N41) -> #DIV/0!
E42: required_excess | I42: Merging - replay | O42: =AVERAGE(J42:N42) -> #DIV/0!
J45: Run
E46: Parameters | I46: Execution | J46: c230_1 | K46: c230_2 | L46: c230_3 | M46: c230_4 | N46: c230_5 | O46: Mean
D47: Linear Algebra | E47: Primary: | G47: Job control: | I47: Total | O47: =AVERAGE(J47:N47) -> #DIV/0!
E48: interval | F48: 1000 | G48: bwc.threads | I48: Quadratic | O48: =AVERAGE(J48:N48) -> #DIV/0!
E49: interleaving | F49: 0 | G49: characters.threads | I49: Square root | O49: =AVERAGE(J49:N49) -> #DIV/0!
E50: m | F50: 64
E51: n | F51: 64
E52: characters.nchar | F52: 50
I54: CPU time (seconds) | J54: =SUM(J4:J50) -> 0 | K54: =SUM(K4:K50) -> 0 | L54: =SUM(L4:L50) -> 0 | M54: =SUM(M4:M50) -> 0 | N54: =SUM(N4:N50) -> 0 | O54: =AVERAGE(J54:N54) -> 0
I56: Polynomial selection | J56: =SUM(J4:J18)/J54 -> #DIV/0! | K56: =SUM(K4:K18)/K54 -> #DIV/0! | L56: =SUM(L4:L18)/L54 -> #DIV/0! | M56: =SUM(M4:M18)/M54 -> #DIV/0! | N56: =SUM(N4:N18)/N54 -> #DIV/0! | O56: =AVERAGE(J56:N56) -> #DIV/0!
I57: Lattice Sieving | J57: =J25/J54 -> #DIV/0! | K57: =K25/K54 -> #DIV/0! | L57: =L25/L54 -> #DIV/0! | M57: =M25/M54 -> #DIV/0! | N57: =N25/N54 -> #DIV/0! | O57: =AVERAGE(J57:N57) -> #DIV/0!
I58: Filtering | J58: =SUM(J38:J42)/J54 -> #DIV/0! | K58: =SUM(K38:K42)/K54 -> #DIV/0! | L58: =SUM(L38:L42)/L54 -> #DIV/0! | M58: =SUM(M38:M42)/M54 -> #DIV/0! | N58: =SUM(N38:N42)/N54 -> #DIV/0! | O58: =AVERAGE(J58:N58) -> #DIV/0!
I59: Linear Algebra | J59: =SUM(J47:J49)/J54 -> #DIV/0! | K59: =SUM(K47:K49)/K54 -> #DIV/0! | L59: =SUM(L47:L49)/L54 -> #DIV/0! | M59: =SUM(M47:M49)/M54 -> #DIV/0! | N59: =SUM(N47:N49)/N54 -> #DIV/0! | O59: =AVERAGE(J59:N59) -> #DIV/0!
J61: =J57/J59 -> #DIV/0! | K61: =K57/K59 -> #DIV/0! | L61: =L57/L59 -> #DIV/0! | M61: =M57/M59 -> #DIV/0! | N61: =N57/N59 -> #DIV/0! | O61: =AVERAGE(J61:N61) -> #DIV/0!
E65: Workers:
E66: AWS | F66: 1 | G66: t2.medium
E67: AWS | F67: 18 | G67: c5.large

Sheet c270
B2: c270 | J2: Run
E3: Parameters | I3: Execution | J3: c270_1 | K3: c270_2 | L3: c270_3 | M3: c270_4 | N3: c270_5 | O3: Mean
B4: Prev | D4: Polynomial selection | E4: Primary: | G4: Job control: | I4: Size optimization | O4: =AVERAGE(J4:N4) -> #DIV/0!
E5: ad | G5: incr | H5: 60
B6: Contents | E6: - min: | F6: 0 | G6: ad
E7: - max: | F7: 100000000 | G7: - range: | H7: 1000000
B8: Next | E8: P | F8: 10000000 | G8: threads
E9: sopteffort | F9: 0
B10: Index of Integers | E10: nq | F10: 1296
E11: nrkeep | F11: 100
E12: degree | F12: 6
B13: Index of Parameters | E13: ropteffort | I13: Root optimization | O13: =AVERAGE(J13:N13) -> #DIV/0!
I15: Generate factor base | O15: =AVERAGE(J15:N15) -> #DIV/0!
B16: Index of Results
I17: Generate free relations | O17: =AVERAGE(J17:N17) -> #DIV/0!
I21: MurphyE of poly found: | O21: =AVERAGE(J21:N21) -> #DIV/0!
J23: Run
E24: Parameters | I24: Execution | J24: c270_1 | K24: c270_2 | L24: c270_3 | M24: c270_4 | N24: c270_5 | O24: Mean
D25: Lattice Sieving | E25: Primary: | G25: Job control: | I25: Lattice Sieving | O25: =AVERAGE(J25:N25) -> #DIV/0!
E26: mfb0 | F26: 109 | G26: qmin
E27: mfb1 | F27: 120 | G27: qrange | H27: 10000
E28: lambda0 | G28: threads
E29: lambda1
E30: ncurves0 | F30: 28
E31: ncurves1 | F31: 31
E32: sqside
E33: I | F33: 18
J36: Run
E37: Parameters | I37: Execution | J37: c270_1 | K37: c270_2 | L37: c270_3 | M37: c270_4 | N37: c270_5 | O37: Mean
D38: Filtering | E38: purge.keep | F38: 160 | I38: Duplicate Removal, splitting pass: | O38: =AVERAGE(J38:N38) -> #DIV/0!
E39: add_ratio | I39: Duplicate Removal, removal pass: | O39: =AVERAGE(J39:N39) -> #DIV/0!
E40: maxlevel | F40: 40 | I40: Singleton removal | O40: =AVERAGE(J40:N40) -> #DIV/0!
E41: target_density | F41: 170 | I41: Merging - merge | O41: =AVERAGE(J41:N41) -> #DIV/0!
E42: required_excess | I42: Merging - replay | O42: =AVERAGE(J42:N42) -> #DIV/0!
J45: Run
E46: Parameters | I46: Execution | J46: c270_1 | K46: c270_2 | L46: c270_3 | M46: c270_4 | N46: c270_5 | O46: Mean
D47: Linear Algebra | E47: Primary: | G47: Job control: | I47: Total | O47: =AVERAGE(J47:N47) -> #DIV/0!
E48: interval | F48: 1000 | G48: bwc.threads | I48: Quadratic | O48: =AVERAGE(J48:N48) -> #DIV/0!
E49: interleaving | F49: 0 | G49: characters.threads | I49: Square root | O49: =AVERAGE(J49:N49) -> #DIV/0!
E50: m | F50: 64
E51: n | F51: 64
E52: characters.nchar | F52: 50
I54: CPU time (seconds) | J54: =SUM(J4:J50) -> 0 | K54: =SUM(K4:K50) -> 0 | L54: =SUM(L4:L50) -> 0 | M54: =SUM(M4:M50) -> 0 | N54: =SUM(N4:N50) -> 0 | O54: =AVERAGE(J54:N54) -> 0
I56: Polynomial selection | J56: =SUM(J4:J18)/J54 -> #DIV/0! | K56: =SUM(K4:K18)/K54 -> #DIV/0! | L56: =SUM(L4:L18)/L54 -> #DIV/0! | M56: =SUM(M4:M18)/M54 -> #DIV/0! | N56: =SUM(N4:N18)/N54 -> #DIV/0! | O56: =AVERAGE(J56:N56) -> #DIV/0!
I57: Lattice Sieving | J57: =J25/J54 -> #DIV/0! | K57: =K25/K54 -> #DIV/0! | L57: =L25/L54 -> #DIV/0! | M57: =M25/M54 -> #DIV/0! | N57: =N25/N54 -> #DIV/0! | O57: =AVERAGE(J57:N57) -> #DIV/0!
I58: Filtering | J58: =SUM(J38:J42)/J54 -> #DIV/0! | K58: =SUM(K38:K42)/K54 -> #DIV/0! | L58: =SUM(L38:L42)/L54 -> #DIV/0! | M58: =SUM(M38:M42)/M54 -> #DIV/0! | N58: =SUM(N38:N42)/N54 -> #DIV/0! | O58: =AVERAGE(J58:N58) -> #DIV/0!
I59: Linear Algebra | J59: =SUM(J47:J49)/J54 -> #DIV/0! | K59: =SUM(K47:K49)/K54 -> #DIV/0! | L59: =SUM(L47:L49)/L54 -> #DIV/0! | M59: =SUM(M47:M49)/M54 -> #DIV/0! | N59: =SUM(N47:N49)/N54 -> #DIV/0! | O59: =AVERAGE(J59:N59) -> #DIV/0!
J61: =J57/J59 -> #DIV/0! | K61: =K57/K59 -> #DIV/0! | L61: =L57/L59 -> #DIV/0! | M61: =M57/M59 -> #DIV/0! | N61: =N57/N59 -> #DIV/0! | O61: =AVERAGE(J61:N61) -> #DIV/0!
E65: Workers:
E66: AWS | F66: 1 | G66: t2.medium
E67: AWS | F67: 18 | G67: c5.large

Sheet c310
B2: c310 | J2: Run
E3: Parameters | I3: Execution | J3: c310_1 | K3: c310_2 | L3: c310_3 | M3: c310_4 | N3: c310_5 | O3: Mean
B4: Prev | D4: Polynomial selection | E4: Primary: | G4: Job control: | I4: Size optimization | O4: =AVERAGE(J4:N4) -> #DIV/0!
E5: ad | G5: incr | H5: 60
B6: Contents | E6: - min: | F6: 0 | G6: ad
E7: - max: | F7: 100000000 | G7: - range: | H7: 1000000
B8: Next | E8: P | F8: 10000000 | G8: threads
E9: sopteffort | F9: 0
B10: Index of Integers | E10: nq | F10: 1296
E11: nrkeep | F11: 100
E12: degree | F12: 6
B13: Index of Parameters | E13: ropteffort | I13: Root optimization | O13: =AVERAGE(J13:N13) -> #DIV/0!
I15: Generate factor base | O15: =AVERAGE(J15:N15) -> #DIV/0!
B16: Index of Results
I17: Generate free relations | O17: =AVERAGE(J17:N17) -> #DIV/0!
I21: MurphyE of poly found: | O21: =AVERAGE(J21:N21) -> #DIV/0!
J23: Run
E24: Parameters | I24: Execution | J24: c310_1 | K24: c310_2 | L24: c310_3 | M24: c310_4 | N24: c310_5 | O24: Mean
D25: Lattice Sieving | E25: Primary: | G25: Job control: | I25: Lattice Sieving | O25: =AVERAGE(J25:N25) -> #DIV/0!
E26: mfb0 | F26: 70 | G26: qmin
E27: mfb1 | F27: 105 | G27: qrange | H27: 10000
E28: lambda0 | G28: threads
E29: lambda1
E30: ncurves0 | F30: 30
E31: ncurves1 | F31: 30
E32: sqside
E33: I | F33: 16
J36: Run
E37: Parameters | I37: Execution | J37: c310_1 | K37: c310_2 | L37: c310_3 | M37: c310_4 | N37: c310_5 | O37: Mean
D38: Filtering | E38: purge.keep | F38: 160 | I38: Duplicate Removal, splitting pass: | O38: =AVERAGE(J38:N38) -> #DIV/0!
E39: add_ratio | I39: Duplicate Removal, removal pass: | O39: =AVERAGE(J39:N39) -> #DIV/0!
E40: maxlevel | F40: 40 | I40: Singleton removal | O40: =AVERAGE(J40:N40) -> #DIV/0!
E41: target_density | F41: 170 | I41: Merging - merge | O41: =AVERAGE(J41:N41) -> #DIV/0!
E42: required_excess | I42: Merging - replay | O42: =AVERAGE(J42:N42) -> #DIV/0!
J45: Run
E46: Parameters | I46: Execution | J46: c310_1 | K46: c310_2 | L46: c310_3 | M46: c310_4 | N46: c310_5 | O46: Mean
D47: Linear Algebra | E47: Primary: | G47: Job control: | I47: Total | O47: =AVERAGE(J47:N47) -> #DIV/0!
E48: interval | F48: 1000 | G48: bwc.threads | I48: Quadratic | O48: =AVERAGE(J48:N48) -> #DIV/0!
E49: interleaving | F49: 0 | G49: characters.threads | I49: Square root | O49: =AVERAGE(J49:N49) -> #DIV/0!
E50: m | F50: 64
E51: n | F51: 64
E52: characters.nchar | F52: 50
I54: CPU time (seconds) | J54: =SUM(J4:J50) -> 0 | K54: =SUM(K4:K50) -> 0 | L54: =SUM(L4:L50) -> 0 | M54: =SUM(M4:M50) -> 0 | N54: =SUM(N4:N50) -> 0 | O54: =AVERAGE(J54:N54) -> 0
I56: Polynomial selection | J56: =SUM(J4:J18)/J54 -> #DIV/0! | K56: =SUM(K4:K18)/K54 -> #DIV/0! | L56: =SUM(L4:L18)/L54 -> #DIV/0! | M56: =SUM(M4:M18)/M54 -> #DIV/0! | N56: =SUM(N4:N18)/N54 -> #DIV/0! | O56: =AVERAGE(J56:N56) -> #DIV/0!
I57: Lattice Sieving | J57: =J25/J54 -> #DIV/0! | K57: =K25/K54 -> #DIV/0! | L57: =L25/L54 -> #DIV/0! | M57: =M25/M54 -> #DIV/0! | N57: =N25/N54 -> #DIV/0! | O57: =AVERAGE(J57:N57) -> #DIV/0!
I58: Filtering | J58: =SUM(J38:J42)/J54 -> #DIV/0! | K58: =SUM(K38:K42)/K54 -> #DIV/0! | L58: =SUM(L38:L42)/L54 -> #DIV/0! | M58: =SUM(M38:M42)/M54 -> #DIV/0! | N58: =SUM(N38:N42)/N54 -> #DIV/0! | O58: =AVERAGE(J58:N58) -> #DIV/0!
I59: Linear Algebra | J59: =SUM(J47:J49)/J54 -> #DIV/0! | K59: =SUM(K47:K49)/K54 -> #DIV/0! | L59: =SUM(L47:L49)/L54 -> #DIV/0! | M59: =SUM(M47:M49)/M54 -> #DIV/0! | N59: =SUM(N47:N49)/N54 -> #DIV/0! | O59: =AVERAGE(J59:N59) -> #DIV/0!
J61: =J57/J59 -> #DIV/0! | K61: =K57/K59 -> #DIV/0! | L61: =L57/L59 -> #DIV/0! | M61: =M57/M59 -> #DIV/0! | N61: =N57/N59 -> #DIV/0! | O61: =AVERAGE(J61:N61) -> #DIV/0!
E65: Workers:
E66: AWS | F66: 1 | G66: t2.medium
E67: AWS | F67: 18 | G67: c5.large

Sheet c320
B2: c320 | J2: Run
E3: Parameters | I3: Execution | J3: c320_1 | K3: c320_2 | L3: c320_3 | M3: c320_4 | N3: c320_5 | O3: Mean
B4: Prev | D4: Polynomial selection | E4: Primary: | G4: Job control: | I4: Size optimization | O4: =AVERAGE(J4:N4) -> #DIV/0!
E5: ad | G5: incr | H5: 60
B6: Contents | E6: - min: | F6: 0 | G6: ad
E7: - max: | F7: 100000000 | G7: - range: | H7: 1000000
B8: Next | E8: P | F8: 10000000 | G8: threads
E9: sopteffort | F9: 0
B10: Index of Integers | E10: nq | F10: 1296
E11: nrkeep | F11: 100
E12: degree | F12: 6
B13: Index of Parameters | E13: ropteffort | I13: Root optimization | O13: =AVERAGE(J13:N13) -> #DIV/0!
I15: Generate factor base | O15: =AVERAGE(J15:N15) -> #DIV/0!
B16: Index of Results
I17: Generate free relations | O17: =AVERAGE(J17:N17) -> #DIV/0!
I21: MurphyE of poly found: | O21: =AVERAGE(J21:N21) -> #DIV/0!
J23: Run
E24: Parameters | I24: Execution | J24: c320_1 | K24: c320_2 | L24: c320_3 | M24: c320_4 | N24: c320_5 | O24: Mean
D25: Lattice Sieving | E25: Primary: | G25: Job control: | I25: Lattice Sieving | O25: =AVERAGE(J25:N25) -> #DIV/0!
E26: mfb0 | F26: 70 | G26: qmin
E27: mfb1 | F27: 105 | G27: qrange | H27: 10000
E28: lambda0 | G28: threads
E29: lambda1
E30: ncurves0 | F30: 30
E31: ncurves1 | F31: 30
E32: sqside
E33: I | F33: 16
J36: Run
E37: Parameters | I37: Execution | J37: c320_1 | K37: c320_2 | L37: c320_3 | M37: c320_4 | N37: c320_5 | O37: Mean
D38: Filtering | E38: purge.keep | F38: 160 | I38: Duplicate Removal, splitting pass: | O38: =AVERAGE(J38:N38) -> #DIV/0!
E39: add_ratio | I39: Duplicate Removal, removal pass: | O39: =AVERAGE(J39:N39) -> #DIV/0!
E40: maxlevel | F40: 40 | I40: Singleton removal | O40: =AVERAGE(J40:N40) -> #DIV/0!
E41: target_density | F41: 170 | I41: Merging - merge | O41: =AVERAGE(J41:N41) -> #DIV/0!
E42: required_excess | I42: Merging - replay | O42: =AVERAGE(J42:N42) -> #DIV/0!
J45: Run
E46: Parameters | I46: Execution | J46: c320_1 | K46: c320_2 | L46: c320_3 | M46: c320_4 | N46: c320_5 | O46: Mean
D47: Linear Algebra | E47: Primary: | G47: Job control: | I47: Total | O47: =AVERAGE(J47:N47) -> #DIV/0!
E48: interval | F48: 1000 | G48: bwc.threads | I48: Quadratic | O48: =AVERAGE(J48:N48) -> #DIV/0!
E49: interleaving | F49: 0 | G49: characters.threads | I49: Square root | O49: =AVERAGE(J49:N49) -> #DIV/0!
E50: m | F50: 64
E51: n | F51: 64
E52: characters.nchar | F52: 50
I54: CPU time (seconds) | J54: =SUM(J4:J50) -> 0 | K54: =SUM(K4:K50) -> 0 | L54: =SUM(L4:L50) -> 0 | M54: =SUM(M4:M50) -> 0 | N54: =SUM(N4:N50) -> 0 | O54: =AVERAGE(J54:N54) -> 0
I56: Polynomial selection | J56: =SUM(J4:J18)/J54 -> #DIV/0! | K56: =SUM(K4:K18)/K54 -> #DIV/0! | L56: =SUM(L4:L18)/L54 -> #DIV/0! | M56: =SUM(M4:M18)/M54 -> #DIV/0! | N56: =SUM(N4:N18)/N54 -> #DIV/0! | O56: =AVERAGE(J56:N56) -> #DIV/0!
I57: Lattice Sieving | J57: =J25/J54 -> #DIV/0! | K57: =K25/K54 -> #DIV/0! | L57: =L25/L54 -> #DIV/0! | M57: =M25/M54 -> #DIV/0! | N57: =N25/N54 -> #DIV/0! | O57: =AVERAGE(J57:N57) -> #DIV/0!
I58: Filtering | J58: =SUM(J38:J42)/J54 -> #DIV/0! | K58: =SUM(K38:K42)/K54 -> #DIV/0! | L58: =SUM(L38:L42)/L54 -> #DIV/0! | M58: =SUM(M38:M42)/M54 -> #DIV/0! | N58: =SUM(N38:N42)/N54 -> #DIV/0! | O58: =AVERAGE(J58:N58) -> #DIV/0!
I59: Linear Algebra | J59: =SUM(J47:J49)/J54 -> #DIV/0! | K59: =SUM(K47:K49)/K54 -> #DIV/0! | L59: =SUM(L47:L49)/L54 -> #DIV/0! | M59: =SUM(M47:M49)/M54 -> #DIV/0! | N59: =SUM(N47:N49)/N54 -> #DIV/0! | O59: =AVERAGE(J59:N59) -> #DIV/0!
J61: =J57/J59 -> #DIV/0! | K61: =K57/K59 -> #DIV/0! | L61: =L57/L59 -> #DIV/0! | M61: =M57/M59 -> #DIV/0! | N61: =N57/N59 -> #DIV/0! | O61: =AVERAGE(J61:N61) -> #DIV/0!
E65: Workers:
E66: AWS | F66: 1 | G66: t2.medium
E67: AWS | F67: 18 | G67: c5.large

Sheet Index of Integers
C1: Index of Integers
B2: Prev | C2: Contents | D2: Next
B4: c30 | C4: c105 | D4: c155 | E4: c205
B5: c60 | C5: c110 | D5: c160 | E5: c210
B6: c65 | C6: c115 | D6: c165 | E6: c220
B7: c70 | C7: c120 | D7: c170 | E7: c230
B8: c75 | C8: c125 | D8: c175 | E8: c270
B9: c80 | C9: c130 | D9: c180 | E9: c310
B10: c85 | C10: c135 | D10: c185 | E10: c320
B11: c90 | C11: c140 | D11: c190
B12: c95 | C12: c145 | D12: c195
B13: c100 | C13: c150 | D13: c200
B15: Primes | E15: Composites
B16: Name | C16: Value | E16: Name | F16: Components | G16: Value | H16: Length (chars) | I16: Length (bits)
A17: Top | B17: p15_1 | C17: 480412302612511 | E17: c30_1 | F17: p15_1 * p15_2 | G17: 226327875979529581665679846019 | H17: =LEN(G17) -> 30 | I17: 98
B18: p15_2 | C18: 471111740371229 | E18: c30_2 | F18: p15_3 * p15_4 | G18: 387604889508611762201489022031 | H18: =LEN(G18) -> 30 | I18: 99
A19: Factor page | B19: p15_3 | C19: 844888733776807 | E19: c30_3 | F19: p15_5 * p15_6 | G19: 370443601921602238297373348129 | H19: =LEN(G19) -> 30 | I19: 99
B20: p15_4 | C20: 458764419518233 | E20: c30_4 | F20: p15_7 * p15_8 | G20: 515229440487793530199853870351 | H20: =LEN(G20) -> 30 | I20: 99
B21: p15_5 | C21: 991803903450869 | E21: c30_5 | F21: p15_9 * p15_10 | G21: 624775802361416215164120584221 | H21: =LEN(G21) -> 30 | I21: 99
B22: p15_6 | C22: 373504884012541
B23: p15_7 | C23: 668387553663107
B24: p15_8 | C24: 770854330940293
B25: p15_9 | C25: 682811476752253
B26: p15_10 | C26: 915004834618657
E27: Name | F27: Components | G27: Value | H27: Length (chars) | I27: Length (bits)
A28: Top | B28: p30_1 | C28: 846798639194195152098734771521 | E28: c60_1 | F28: p30_1 * p30_2 | G28: 270158962474278129947502529393947224155579519000305399284327 | H28: =LEN(G28) -> 60 | I28: 198
B29: p30_2 | C29: 319035659683344096034116722087 | E29: c60_2 | F29: p30_3 * p30_4 | G29: 131600574953818533525929343912141699516620847096154272379583 | H29: =LEN(G29) -> 60 | I29: 197
A30: Factor page | B30: p30_3 | C30: 161802285212967559357949541107 | E30: c60_3 | F30: p30_5 * p30_6 | G30: 153070622044179057748882207451528002951447706011564882352137 | H30: =LEN(G30) -> 60 | I30: 197
B31: p30_4 | C31: 813341880682359326837706097669 | E31: c60_4 | F31: p30_7 * p30_8 | G31: 380916369369166223835000840537989330192067514115963099870969 | H31: =LEN(G31) -> 60 | I31: 198
B32: p30_5 | C32: 858269232367355914529018280979 | E32: c60_5 | F32: p30_9 * p30_10 | G32: 565659396215769938944550584754159495444187942355479137867573 | H32: =LEN(G32) -> 60 | I32: 199
B33: p30_6 | C33: 178348024456108961529643394803
B34: p30_7 | C34: 723850514478884229449043967009
B35: p30_8 | C35: 526236234899130001829583380441
B36: p30_9 | C36: 705795440056325029722037582367
B37: p30_10 | C37: 801449491046057583682702027819
E38: Name | F38: Components | G38: Value | H38: Length (chars) | I38: Length (bits)
A39: Top | B39: p32_1 | C39: 76549202771421443926924162183531 | E39: c65_1 | F39: p32_1 * p33_1 | G39: 70962333159300323860735946025580465706386779914381672223396967421 | H39: =LEN(G39) -> 65 | I39: 216
B40: p33_1 | C40: 927015966073432467252318717723191 | E40: c65_2 | F40: p32_2 * p33_2 | G40: 52479099003518608005080416097399317927718712579637510608856363439 | H40: =LEN(G40) -> 65 | I40: 215
A41: Factor page | B41: p32_2 | C41: 85924149698998213593135406265281 | E41: c65_3 | F41: p32_3 * p33_3 | G41: 12814840935471330219401575866111072862033390263058815039817464287 | H41: =LEN(G41) -> 65 | I41: 213
B42: p33_3 | C42: 610760760360837877836528501195119 | E42: c65_4 | F42: p32_4 * p33_4 | G42: 41245809621063758265950275763457507730272824530590064942826209679 | H42: =LEN(G42) -> 65 | I42: 215
B43: p32_3 | C43: 27147093246675019765638079999139 | E43: c65_5 | F43: p32_5 * p33_5 | G43: 35616136061773700593614957693428344075535945490634915240971928661 | H43: =LEN(G43) -> 65 | I43: 215
B44: p33_3 | C44: 472052046936586624980772544509333
B45: p32_4 | C45: 44201796072864227102908616770387
B46: p33_4 | C46: 933125195932588623187891244031317
B47: p32_5 | C47: 85586395464056633370770851696813
B48: p33_5 | C48: 416142494010409199039500272250697
E49: Name | F49: Components | G49: Value | H49: Length (chars) | I49: Length (bits)
A50: Top | B50: p35_1 | C50: 78824176743920700761300251436379191 | E50: c70_1 | F50: p35_1 * p35_2 | G50: 7007199623260070419891582873314225809578533267105177542008744151803309 | H50: =LEN(G50) -> 70 | I50: 233
B51: p35_2 | C51: 88896578597003860525309714761757499 | E51: c70_2 | F51: p35_3 * p35_4 | G51: 3448218399959819970213731562518237292980562954246763361792618589367751 | H51: =LEN(G51) -> 70 | I51: 231
A52: Factor page | B52: p35_3 | C52: 64262058455050171864693564180184861 | E52: c70_3 | F52: p35_5 * p35_6 | G52: 8518687540800641470757003759308721783566226486124083108546231255563879 | H52: =LEN(G52) -> 70 | I52: 233
B53: p35_4 | C53: 53658698193923701214689221021341491 | E53: c70_4 | F53: p35_7 * p35_8 | G53: 1276840775767784521802327765895334261544253657624622651734099432799751 | H53: =LEN(G53) -> 70 | I53: 230
B54: p35_5 | C54: 89944525652497752432172802944868657 | E54: c70_5 | F54: p35_9 * p35_10 | G54: 1267684099171223704859141191406919890628420123767863609736051280841499 | H54: =LEN(G54) -> 70 | I54: 230
B55: p35_6 | C55: 94710461576202422109308609817441047
B56: p35_7 | C56: 26133456354916163764212549735459179
B57: p35_8 | C57: 48858473155143455278247567329171669
B58: p35_9 | C58: 55000568689770468975622283143923271
B59: p35_10 | C59: 23048563485253557025472753892489869
D60: =SUBSTITUTE(C60," ","") | E60: Name | F60: Components | G60: Value | H60: Length (chars) | I60: Length (bits)
A61: Top | B61: p37_1 | C61: 7239463100311307794661230393149709919 | E61: c75_1 | F61: p37_1 * p38_1 | G61: 102444265494038317684651151787242362882021014514791324932403992108079572377 | H61: =LEN(G61) -> 75 | I61: 246
B62: p38_1 | C62: 14150809814837382110356171627766238983 | E62: c75_2 | F62: p37_2 * p38_2 | G62: 433893177300217311933345121088601425145377048510987183996038418426126989639 | H62: =LEN(G62) -> 75 | I62: 248
A63: Factor page | B63: p37_2 | C63: 5613371002332698571165766334791819559 | E63: c75_3 | F63: p37_3 * p38_3 | G63: 633676781513029976808183874187929054298089801609412027629645325509579477943 | H63: =LEN(G63) -> 75 | I63: 249
B64: p38_2 | C64: 77296365609881867832870303654644497121 | E64: c75_4 | F64: p37_4 * p38_4 | G64: 381561302993538998124230560277302039953802679219892467041697202762906088489 | H64: =LEN(G64) -> 75 | I64: 248
B65: p37_3 | C65: 8078204651111005307758045734112314797 | E65: c75_5 | F65: p37_5 * p38_5 | G65: 264072912716433633215530290378250436849916754398247021017432273328194266291 | H65: =LEN(G65) -> 75 | I65: 248
B66: p38_3 | C66: 78442773967836979541568352372471874419
B67: p37_4 | C67: 9341455216432580426783371744333006213
B68: p38_4 | C68: 40846023895970022458533836136575898453
B69: p37_5 | C69: 4546874967151592341130232109058896511
B70: p38_5 | C70: 58077891876112693119964976353760299981
D71: =SUBSTITUTE(C71," ","") | E71: Name | F71: Components | G71: Value | H71: Length (chars) | I71: Length (bits)
A72: Top | B72: p40_1 | C72: 8883434492709803107278789955261163796133 | E72: c80_1 | F72: p40_1 * p40_2 | G72: 42959426659403176239217003499730158418529415254687619782970463232061782975241501 | H72: =LEN(G72) -> 80 | I72: 265
B73: p40_2 | C73: 4835902903843987431023656140189908630297 | E73: c80_2 | F73: p40_3 * p40_4 | G73: 19759049448439479184176522937086424897451260570328627367363435680238702529183361 | H73: =LEN(G73) -> 80 | I73: 264
A74: Factor page | B74: p40_3 | C74: 4616625383406851097713050350825918930139 | E74: c80_3 | F74: p40_5 * p40_6 | G74: 37152483052412512844574497825524744591149741931125887882542608754368617228252237 | H74: =LEN(G74) -> 80 | I74: 265
B75: p40_4 | C75: 4279976781191250910852277526423832396499 | E75: c80_4 | F75: p40_7 * p40_8 | G75: 36616247471704821571396576989092411039908631698996839097279168833848305996797149 | H75: =LEN(G75) -> 80 | I75: 265
B76: p40_5 | C76: 5458935397290847113666861090097978095589 | E76: c80_5 | F76: p40_9 * p40_10 | G76: 12421733323839411520678710016028909439800915816097304142171943466998715890038957 | H76: =LEN(G76) -> 80 | I76: 263
B77: p40_6 | C77: 6805811087423840112837179399317241820233
B78: p40_7 | C78: 8012752798359093097164781815683249036789
B79: p40_8 | C79: 4569746302319890590294885832494913479241
B80: p40_9 | C80: 8357013931366794205835397502874881649917
B81: p40_10 | C81: 1486384182897709999610918232139967947121
D82: =SUBSTITUTE(C82," ","") | E82: Name | F82: Components | G82: Value | H82: Length (chars) | I82: Length (bits)
A83: Top | B83: p42_1 | C83: 257620236392177807216058303946489379859121 | E83: c85_1 | F83: p42_1 * p43_1 | G83: 1982277624322674894166113602837774174396574680301486892709034652811641280371438526741 | H83: =LEN(G83) -> 85 | I83: 281
B84: p43_1 | C84: 7694572647255218980161562068184056561741221 | E84: c85_2 | F84: p42_2 * p43_2 | G84: 1552524569620097059676866144089806746335565715173527535171195567117983196618960037699 | H84: =LEN(G84) -> 85 | I84: 280
A85: Factor page | B85: p42_2 | C85: 210220124839329461015309794852812090069239 | E85: c85_3 | F85: p42_3 * p43_3 | G85: 1522514635578700753973305220054513054916889591398616119162910213373611813785934455373 | H85: =LEN(G85) -> 85 | I85: 280
B86: p43_2 | C86: 7385232840132153858382177900542713858725141 | E86: c85_4 | F86: p42_4 * p43_4 | G86: 5051760522808449102576704875669572295270392323398841231956571756675349436204020937259 | H86: =LEN(G86) -> 85 | I86: 282
B87: p42_3 | C87: 814420953440498391507062850636618314644937 | E87: c85_5 | F87: p42_5 * p43_5 | G87: 1239291056041834127368973278360887792675560719580177612737247875066429830232844651519 | H87: =LEN(G87) -> 85 | I87: 280
B88: p43_3 | C88: 1869444332377354162386199970968217795670629
B89: p42_4 | C89: 914457963925432046944400615717466072676283
B90: p43_4 | C90: 5524322300309023836693437085179632595464273
B91: p42_5 | C91: 662919475364018865052508454392937291787411
B92: p43_5 | C92: 1869444332377354162386199970968217795670629
D93: =SUBSTITUTE(C93," ","") | E93: Name | F93: Components | G93: Value | H93: Length (chars) | I93: Length (bits)
A94: Top | B94: p45_1 | C94: 676134789213618314621594347420996392935347333 | E94: c90_1 | F94: p45_1 * p45_2 | G94: 423213363606910884156501966398441051219545534615527753346156562802474357678893912914947457 | H94: =LEN(G94) -> 90 | I94: 298
B95: p45_2 | C95: 625930465875200917913324782990760214405575629 | E95: c90_2 | F95: p45_3 * p45_4 | G95: 184671798994144388450740670736346276089352361995825420520944120957617032299049814625467061 | H95: =LEN(G95) -> 90 | I95: 297
A96: Factor page | B96: p45_3 | C96: 408863096549504952737284209599408368547754337 | E96: c90_3 | F96: p45_5 * p45_6 | G96: 866249583943358239154799858013318433163274188174537690213121264504406860174070035496964757 | H96: =LEN(G96) -> 90 | I96: 299
B97: p45_4 | C97: 451671477696653440315048152507305132064605653 | E97: c90_4 | F97: p45_7 * p45_8 | G97: 229901080986746419740320242604781604840032464288022731627925086990513440697776302730433269 | H97: =LEN(G97) -> 90 | I97: 297
B98: p45_5 | C98: 902262387126825761798765631464601720019632511 | E98: c90_5 | F98: p45_9 * p45_10 | G98: 282870558436723026339194438328553767891082454502269029260811614891102499519285555423361083 | H98: =LEN(G98) -> 90 | I98: 298
B99: p45_6 | C99: 960086108323602973238256788925657767875153387
B100: p45_7 | C100: 252757026778455586964290610224287878102870551
B101: p45_8 | C101: 909573450506906523891570040345507342270852819
B102: p45_9 | C102: 325789078086274966887553822411627267844164097
...

Sheet Index of Parameters
E2: c30 | F2: c60 | G2: c65 | H2: c70 | I2: c75 | J2: c80 | K2: c85 | L2: c90 | M2: c95 | N2: c100 | O2: c105 | P2: c110 | Q2: c115 | R2: c120 | S2: c125 | T2: c130 | U2: c135 | V2: c140 | W2: c145 | X2: c150 | Y2: c155 | Z2: c160 | AA2: c165 | AB2: c170 | AC2: c175 | AD2: c180 | AE2: c185 | AF2: c190 | AG2: c195 | AH2: c200 | AI2: c205 | AJ2: c210 | AK2: c220 | AL2: c230 | AM2: c270 | AN2: c310 | AO2: c320
B3: Polynomial selection | C3: ad
C4: - min: | D4: F6 | E4: ='c30'!F6 -> 0 | F4: =INDIRECT(CONCATENATE("'",F$2,"'!",$D4)) -> 0 | G4: =INDIRECT(CONCATENATE("'",G$2,"'!",$D4)) -> 0 | H4: =INDIRECT(CONCATENATE("'",H$2,"'!",$D4)) -> 0 | I4: =INDIRECT(CONCATENATE("'",I$2,"'!",$D4)) -> 0 | J4: =INDIRECT(CONCATENATE("'",J$2,"'!",$D4)) -> 0 | K4: =INDIRECT(CONCATENATE("'",K$2,"'!",$D4)) -> 0 | L4: =INDIRECT(CONCATENATE("'",L$2,"'!",$D4)) -> 0 | M4: =INDIRECT(CONCATENATE("'",M$2,"'!",$D4)) -> 0 | ... AO4: =INDIRECT(CONCATENATE("'",AO$2,"'!",$D4)) -> 0
C5: - max: | D5: F7 | E5: ='c30'!F7 -> 1000 | F5: =INDIRECT(CONCATENATE("'",F$2,"'!",$D5)) -> 10000 | G5: =INDIRECT(CONCATENATE("'",G$2,"'!",$D5)) -> 22000 | H5: =INDIRECT(CONCATENATE("'",H$2,"'!",$D5)) -> 44000 | I5: =INDIRECT(CONCATENATE("'",I$2,"'!",$D5)) -> 84000 | J5: =INDIRECT(CONCATENATE("'",J$2,"'!",$D5)) -> 50000 | K5: =INDIRECT(CONCATENATE("'",K$2,"'!",$D5)) -> 50000 | L5: =INDIRECT(CONCATENATE("'",L$2,"'!",$D5)) -> 150000 | M5: =INDIRECT(CONCATENATE("'",M$2,"'!",$D5)) -> 150000 | ... AO5: =INDIRECT(CONCATENATE("'",AO$2,"'!",$D5)) -> 100000000
C6: P | D6: F8 | E6: ='c30'!F8 -> 272 | F6: =INDIRECT(CONCATENATE("'",F$2,"'!",$D6)) -> 420 | G6: =INDIRECT(CONCATENATE("'",G$2,"'!",$D6)) -> 950 | H6: =INDIRECT(CONCATENATE("'",H$2,"'!",$D6)) -> 1800 | I6: =INDIRECT(CONCATENATE("'",I$2,"'!",$D6)) -> 3600 | J6: =INDIRECT(CONCATENATE("'",J$2,"'!",$D6)) -> 10000 | K6: =INDIRECT(CONCATENATE("'",K$2,"'!",$D6)) -> 10000 | L6: =INDIRECT(CONCATENATE("'",L$2,"'!",$D6)) -> 10000 | M6: =INDIRECT(CONCATENATE("'",M$2,"'!",$D6)) -> 10000 | ... AO6: =INDIRECT(CONCATENATE("'",AO$2,"'!",$D6)) -> 10000000
C7: sopteffort | D7: F9 | E7: ='c30'!F9 -> 0 | F7: =INDIRECT(CONCATENATE("'",F$2,"'!",$D7)) -> 0 | G7: =INDIRECT(CONCATENATE("'",G$2,"'!",$D7)) -> 0 | H7: =INDIRECT(CONCATENATE("'",H$2,"'!",$D7)) -> 0 | I7: =INDIRECT(CONCATENATE("'",I$2,"'!",$D7)) -> 0 | J7: =INDIRECT(CONCATENATE("'",J$2,"'!",$D7)) -> 0 | K7: =INDIRECT(CONCATENATE("'",K$2,"'!",$D7)) -> 0 | L7: =INDIRECT(CONCATENATE("'",L$2,"'!",$D7)) -> 0 | M7: =INDIRECT(CONCATENATE("'",M$2,"'!",$D7)) -> 0 | ... AO7: =INDIRECT(CONCATENATE("'",AO$2,"'!",$D7)) -> 0
C8: nq | D8: F10 | E8: ='c30'!F10 -> 3 | F8: =INDIRECT(CONCATENATE("'",F$2,"'!",$D8)) -> 64 | G8: =INDIRECT(CONCATENATE("'",G$2,"'!",$D8)) -> 64 | H8: =INDIRECT(CONCATENATE("'",H$2,"'!",$D8)) -> 64 | I8: =INDIRECT(CONCATENATE("'",I$2,"'!",$D8)) -> 64 | J8: =INDIRECT(CONCATENATE("'",J$2,"'!",$D8)) -> 64 | K8: =INDIRECT(CONCATENATE("'",K$2,"'!",$D8)) -> 256 | L8: =INDIRECT(CONCATENATE("'",L$2,"'!",$D8)) -> 256 | M8: =INDIRECT(CONCATENATE("'",M$2,"'!",$D8)) -> 256 | ... AO8: =INDIRECT(CONCATENATE("'",AO$2,"'!",$D8)) -> 1296
C9: nrkeep | D9: F11 | E9: ='c30'!F11 -> 2 | F9: =INDIRECT(CONCATENATE("'",F$2,"'!",$D9)) -> 10 | G9: =INDIRECT(CONCATENATE("'",G$2,"'!",$D9)) -> 15 | H9: =INDIRECT(CONCATENATE("'",H$2,"'!",$D9)) -> 20 | I9: =INDIRECT(CONCATENATE("'",I$2,"'!",$D9)) -> 30 | J9: =INDIRECT(CONCATENATE("'",J$2,"'!",$D9)) -> 20 | K9: =INDIRECT(CONCATENATE("'",K$2,"'!",$D9)) -> 30 | L9: =INDIRECT(CONCATENATE("'",L$2,"'!",$D9)) -> 40 | M9: =INDIRECT(CONCATENATE("'",M$2,"'!",$D9)) -> 40 | ... AO9: =INDIRECT(CONCATENATE("'",AO$2,"'!",$D9)) -> 100
C10: degree | D10: F12 | E10: ='c30'!F12 -> 3 | F10: =INDIRECT(CONCATENATE("'",F$2,"'!",$D10)) -> 4 | G10: =INDIRECT(CONCATENATE("'",G$2,"'!",$D10)) -> 4 | H10: =INDIRECT(CONCATENATE("'",H$2,"'!",$D10)) -> 4 | I10: =INDIRECT(CONCATENATE("'",I$2,"'!",$D10)) -> 4 | J10: =INDIRECT(CONCATENATE("'",J$2,"'!",$D10)) -> 4 | K10: =INDIRECT(CONCATENATE("'",K$2,"'!",$D10)) -> 4 | L10: =INDIRECT(CONCATENATE("'",L$2,"'!",$D10)) -> 4 | M10: =INDIRECT(CONCATENATE("'",M$2,"'!",$D10)) -> 4 | ... AO10: =INDIRECT(CONCATENATE("'",AO$2,"'!",$D10)) -> 6
C11: ropteffort | D11: F13 | E11: ='c30'!F13 -> 1 | F11: =INDIRECT(CONCATENATE("'",F$2,"'!",$D11)) -> 0.1 | G11: =INDIRECT(CONCATENATE("'",G$2,"'!",$D11)) -> 0.1 | H11: =INDIRECT(CONCATENATE("'",H$2,"'!",$D11)) -> 0.1 | I11: =INDIRECT(CONCATENATE("'",I$2,"'!",$D11)) -> 0 | J11: =INDIRECT(CONCATENATE("'",J$2,"'!",$D11)) -> 0.1 | K11: =INDIRECT(CONCATENATE("'",K$2,"'!",$D11)) -> 0.1 | L11: =INDIRECT(CONCATENATE("'",L$2,"'!",$D11)) -> 0.1 | M11: =INDIRECT(CONCATENATE("'",M$2,"'!",$D11)) -> 0.2 | ... AO11: =INDIRECT(CONCATENATE("'",AO$2,"'!",$D11)) -> 0
C12: incr | D12: H5 | E12: ='c30'!H5 -> 20 | F12: =INDIRECT(CONCATENATE("'",F$2,"'!",$D12)) -> 60 | G12: =INDIRECT(CONCATENATE("'",G$2,"'!",$D12)) -> 60 | H12: =INDIRECT(CONCATENATE("'",H$2,"'!",$D12)) -> 60 | I12: =INDIRECT(CONCATENATE("'",I$2,"'!",$D12)) -> 60 | J12: =INDIRECT(CONCATENATE("'",J$2,"'!",$D12)) -> 60 | K12: =INDIRECT(CONCATENATE("'",K$2,"'!",$D12)) -> 60 | L12: =INDIRECT(CONCATENATE("'",L$2,"'!",$D12)) -> 60 | M12: =INDIRECT(CONCATENATE("'",M$2,"'!",$D12)) -> 60 | ... AO12: =INDIRECT(CONCATENATE("'",AO$2,"'!",$D12)) -> 60
C13: ad
C14: - range: | D14: H7 | E14: ='c30'!H7 -> 100 | F14: =INDIRECT(CONCATENATE("'",F$2,"'!",$D14)) -> 5000 | G14: =INDIRECT(CONCATENATE("'",G$2,"'!",$D14)) -> 11000 | H14: =INDIRECT(CONCATENATE("'",H$2,"'!",$D14)) -> 22000 | I14: =INDIRECT(CONCATENATE("'",I$2,"'!",$D14)) -> 42000 | J14: =INDIRECT(CONCATENATE("'",J$2,"'!",$D14)) -> 5000 | K14: =INDIRECT(CONCATENATE("'",K$2,"'!",$D14)) -> 5000 | L14: =INDIRECT(CONCATENATE("'",L$2,"'!",$D14)) -> 5000 | M14: =INDIRECT(CONCATENATE("'",M$2,"'!",$D14)) -> 10000 | ... AO14: =INDIRECT(CONCATENATE("'",AO$2,"'!",$D14)) -> 1000000
C15: threads | D15: H8 | E15: ='c30'!H8 -> 0 | F15: =INDIRECT(CONCATENATE("'",F$2,"'!",$D15)) -> 0 | G15: =INDIRECT(CONCATENATE("'",G$2,"'!",$D15)) -> 0 | H15: =INDIRECT(CONCATENATE("'",H$2,"'!",$D15)) -> 0 | I15: =INDIRECT(CONCATENATE("'",I$2,"'!",$D15)) -> 0 | J15: =INDIRECT(CONCATENATE("'",J$2,"'!",$D15)) -> 0 | K15: =INDIRECT(CONCATENATE("'",K$2,"'!",$D15)) -> 0 | L15: =INDIRECT(CONCATENATE("'",L$2,"'!",$D15)) -> 2 | M15: =INDIRECT(CONCATENATE("'",M$2,"'!",$D15)) -> 0 | ... AO15: =INDIRECT(CONCATENATE("'",AO$2,"'!",$D15)) -> 0
B17: Lattice Sieving | C17: mfb0 | D17: F24 | E17: ='c30'!F26 -> 18 | F17: =INDIRECT(CONCATENATE("'",F$2,"'!",$D17)) -> 0 | G17: =INDIRECT(CONCATENATE("'",G$2,"'!",$D17)) -> 0 | H17: =INDIRECT(CONCATENATE("'",H$2,"'!",$D17)) -> 0 | I17: =INDIRECT(CONCATENATE("'",I$2,"'!",$D17)) -> 0 | J17: =INDIRECT(CONCATENATE("'",J$2,"'!",$D17)) -> 0 | K17: =INDIRECT(CONCATENATE("'",K$2,"'!",$D17)) -> 0 | L17: =INDIRECT(CONCATENATE("'",L$2,"'!",$D17)) -> 0 | M17: =INDIRECT(CONCATENATE("'",M$2,"'!",$D17)) -> 0 | ... AO17: =INDIRECT(CONCATENATE("'",AO$2,"'!",$D17)) -> 0
C18: mfb1 | D18: F25 | E18: ='c30'!F27 -> 18 | F18: =INDIRECT(CONCATENATE("'",F$2,"'!",$D18)) -> 0 | G18: =INDIRECT(CONCATENATE("'",G$2,"'!",$D18)) -> 0 | H18: =INDIRECT(CONCATENATE("'",H$2,"'!",$D18)) -> 0 | I18: =INDIRECT(CONCATENATE("'",I$2,"'!",$D18)) -> 0 | J18: =INDIRECT(CONCATENATE("'",J$2,"'!",$D18)) -> 0 | K18: =INDIRECT(CONCATENATE("'",K$2,"'!",$D18)) -> 0 | L18: =INDIRECT(CONCATENATE("'",L$2,"'!",$D18)) -> 0 | M18: =INDIRECT(CONCATENATE("'",M$2,"'!",$D18)) -> 0 | ... AO18: =INDIRECT(CONCATENATE("'",AO$2,"'!",$D18)) -> 0
C19: lambda0 | D19: F26 | E19: ='c30'!F28 -> 0 | F19: =INDIRECT(CONCATENATE("'",F$2,"'!",$D19)) -> 17 | G19: =INDIRECT(CONCATENATE("'",G$2,"'!",$D19)) -> 18 | H19: =INDIRECT(CONCATENATE("'",H$2,"'!",$D19)) -> 19 | I19: =INDIRECT(CONCATENATE("'",I$2,"'!",$D19)) -> 41 | J19: =INDIRECT(CONCATENATE("'",J$2,"'!",$D19)) -> 41 | K19: =INDIRECT(CONCATENATE("'",K$2,"'!",$D19)) -> 44 | L19: =INDIRECT(CONCATENATE("'",L$2,"'!",$D19)) -> 46 | M19: =INDIRECT(CONCATENATE("'",M$2,"'!",$D19)) -> 22 | ... AO19: =INDIRECT(CONCATENATE("'",AO$2,"'!",$D19)) -> 70
C20: lambda1 | D20: F27 | E20: ='c30'!F29 -> 0 | F20: =INDIRECT(CONCATENATE("'",F$2,"'!",$D20)) -> 38 | G20: =INDIRECT(CONCATENATE("'",G$2,"'!",$D20)) -> 40 | H20: =INDIRECT(CONCATENATE("'",H$2,"'!",$D20)) -> 42 | I20: =INDIRECT(CONCATENATE("'",I$2,"'!",$D20)) -> 42 | J20: =INDIRECT(CONCATENATE("'",J$2,"'!",$D20)) -> 42 | K20: =INDIRECT(CONCATENATE("'",K$2,"'!",$D20)) -> 44 | L20: =INDIRECT(CONCATENATE("'",L$2,"'!",$D20)) -> 46 | M20: =INDIRECT(CONCATENATE("'",M$2,"'!",$D20)) -> 45 | ... AO20: =INDIRECT(CONCATENATE("'",AO$2,"'!",$D20)) -> 105
C21: ncurves0 | D21: F28 | E21: ='c30'!F30 -> 0 | F21: =INDIRECT(CONCATENATE("'",F$2,"'!",$D21)) -> 0 | G21: =INDIRECT(CONCATENATE("'",G$2,"'!",$D21)) -> 0 | H21: =INDIRECT(CONCATENATE("'",H$2,"'!",$D21)) -> 0 | I21: =INDIRECT(CONCATENATE("'",I$2,"'!",$D21)) -> 0 | J21: =INDIRECT(CONCATENATE("'",J$2,"'!",$D21)) -> 0 | K21: =INDIRECT(CONCATENATE("'",K$2,"'!",$D21)) -> 0 | L21: =INDIRECT(CONCATENATE("'",L$2,"'!",$D21)) -> 0 | M21: =INDIRECT(CONCATENATE("'",M$2,"'!",$D21)) -> 0 | ... AO21: =INDIRECT(CONCATENATE("'",AO$2,"'!",$D21)) -> 0
C22: ncurves1 | D22: F29 | E22: ='c30'!F31 -> 0 | F22: =INDIRECT(CONCATENATE("'",F$2,"'!",$D22)) -> 0 | G22: =INDIRECT(CONCATENATE("'",G$2,"'!",$D22)) -> 0 | H22: =INDIRECT(CONCATENATE("'",H$2,"'!",$D22)) -> 0 | I22: =INDIRECT(CONCATENATE("'",I$2,"'!",$D22)) -> 0 | J22: =INDIRECT(CONCATENATE("'",J$2,"'!",$D22)) -> 0 | K22: =INDIRECT(CONCATENATE("'",K$2,"'!",$D22)) -> 0 | L22: =INDIRECT(CONCATENATE("'",L$2,"'!",$D22)) -> 0 | M22: =INDIRECT(CONCATENATE("'",M$2,"'!",$D22)) -> 0 | ... AO22: =INDIRECT(CONCATENATE("'",AO$2,"'!",$D22)) -> 0
C23: sqside | D23: F30 | E23: ='c30'!F32 -> 0 | F23: =INDIRECT(CONCATENATE("'",F$2,"'!",$D23)) -> 15 | G23: =INDIRECT(CONCATENATE("'",G$2,"'!",$D23)) -> 16 | H23: =INDIRECT(CONCATENATE("'",H$2,"'!",$D23)) -> 16 | I23: =INDIRECT(CONCATENATE("'",I$2,"'!",$D23)) -> 25 | J23: =INDIRECT(CONCATENATE("'",J$2,"'!",$D23)) -> 8 | K23: =INDIRECT(CONCATENATE("'",K$2,"'!",$D23)) -> 24 | L23: =INDIRECT(CONCATENATE("'",L$2,"'!",$D23)) -> 9 | M23: =INDIRECT(CONCATENATE("'",M$2,"'!",$D23)) -> 2 | ... AO23: =INDIRECT(CONCATENATE("'",AO$2,"'!",$D23)) -> 30
C24: I | D24: F31 | E24: ='c30'!F33 -> 9 | F24: =INDIRECT(CONCATENATE("'",F$2,"'!",$D24)) -> 17 | G24: =INDIRECT(CONCATENATE("'",G$2,"'!",$D24)) -> 14 | H24: =INDIRECT(CONCATENATE("'",H$2,"'!",$D24)) -> 14 | I24: =INDIRECT(CONCATENATE("'",I$2,"'!",$D24)) -> 19 | J24: =INDIRECT(CONCATENATE("'",J$2,"'!",$D24)) -> 8 | K24: =INDIRECT(CONCATENATE("'",K$2,"'!",$D24)) -> 19 | L24: =INDIRECT(CONCATENATE("'",L$2,"'!",$D24)) -> 10 | M24: =INDIRECT(CONCATENATE("'",M$2,"'!",$D24)) -> 13 | ... AO24: =INDIRECT(CONCATENATE("'",AO$2,"'!",$D24)) -> 30
C25: qmin | D25: H26 | E25: ='c30'!H26 -> 50000 | F25: =INDIRECT(CONCATENATE("'",F$2,"'!",$D25)) -> 61961 | G25: =INDIRECT(CONCATENATE("'",G$2,"'!",$D25)) -> 35979 | H25: =INDIRECT(CONCATENATE("'",H$2,"'!",$D25)) -> 18640 | I25: =INDIRECT(CONCATENATE("'",I$2,"'!",$D25)) -> 100846 | J25: =INDIRECT(CONCATENATE("'",J$2,"'!",$D25)) -> 66606 | K25: =INDIRECT(CONCATENATE("'",K$2,"'!",$D25)) -> 146453 | L25: =INDIRECT(CONCATENATE("'",L$2,"'!",$D25)) -> 200923 | M25: =INDIRECT(CONCATENATE("'",M$2,"'!",$D25)) -> 52140 | ... AO25: =INDIRECT(CONCATENATE("'",AO$2,"'!",$D25)) -> 0
C26: qrange | D26: H27 | E26: ='c30'!H27 -> 1000 | F26: =INDIRECT(CONCATENATE("'",F$2,"'!",$D26)) -> 2000 | G26: =INDIRECT(CONCATENATE("'",G$2,"'!",$D26)) -> 1000 | H26: =INDIRECT(CONCATENATE("'",H$2,"'!",$D26)) -> 1000 | I26: =INDIRECT(CONCATENATE("'",I$2,"'!",$D26)) -> 1000 | J26: =INDIRECT(CONCATENATE("'",J$2,"'!",$D26)) -> 5000 | K26: =INDIRECT(CONCATENATE("'",K$2,"'!",$D26)) -> 1000 | L26: =INDIRECT(CONCATENATE("'",L$2,"'!",$D26)) -> 10000 | M26: =INDIRECT(CONCATENATE("'",M$2,"'!",$D26)) -> 2000 | ... AO26: =INDIRECT(CONCATENATE("'",AO$2,"'!",$D26)) -> 10000
C27: threads | D27: H28 | E27: ='c30'!H28 -> 0 | F27: =INDIRECT(CONCATENATE("'",F$2,"'!",$D27)) -> 0 | G27: =INDIRECT(CONCATENATE("'",G$2,"'!",$D27)) -> 0 | H27: =INDIRECT(CONCATENATE("'",H$2,"'!",$D27)) -> 0 | I27: =INDIRECT(CONCATENATE("'",I$2,"'!",$D27)) -> 0 | J27: =INDIRECT(CONCATENATE("'",J$2,"'!",$D27)) -> 0 | K27: =INDIRECT(CONCATENATE("'",K$2,"'!",$D27)) -> 0 | L27: =INDIRECT(CONCATENATE("'",L$2,"'!",$D27)) -> 2 | M27: =INDIRECT(CONCATENATE("'",M$2,"'!",$D27)) -> 0 | ... AO27: =INDIRECT(CONCATENATE("'",AO$2,"'!",$D27)) -> 0
C28: rels_wanted | D28: H27 | E28: ='c30'!H29 -> 30000 | F28: =INDIRECT(CONCATENATE("'",F$2,"'!",$D28)) -> 2000 | G28: =INDIRECT(CONCATENATE("'",G$2,"'!",$D28)) -> 1000 | H28: =INDIRECT(CONCATENATE("'",H$2,"'!",$D28)) -> 1000 | I28: =INDIRECT(CONCATENATE("'",I$2,"'!",$D28)) -> 1000 | J28: =INDIRECT(CONCATENATE("'",J$2,"'!",$D28)) -> 5000 | K28: =INDIRECT(CONCATENATE("'",K$2,"'!",$D28)) -> 1000 | L28: =INDIRECT(CONCATENATE("'",L$2,"'!",$D28)) -> 10000 | M28: =INDIRECT(CONCATENATE("'",M$2,"'!",$D28)) -> 2000 | ... AO28: =INDIRECT(CONCATENATE("'",AO$2,"'!",$D28)) -> 10000
B30: Filtering | C30: purge.keep | D30: F36 | E30: ='c30'!F38 -> 0 | F30: =INDIRECT(CONCATENATE("'",F$2,"'!",$D30)) -> 0 | G30: =INDIRECT(CONCATENATE("'",G$2,"'!",$D30)) -> 0 | H30: =INDIRECT(CONCATENATE("'",H$2,"'!",$D30)) -> 0 | I30: =INDIRECT(CONCATENATE("'",I$2,"'!",$D30)) -> 0 | J30: =INDIRECT(CONCATENATE("'",J$2,"'!",$D30)) -> 0 | K30: =INDIRECT(CONCATENATE("'",K$2,"'!",$D30)) -> 0 | L30: =INDIRECT(CONCATENATE("'",L$2,"'!",$D30)) -> 0 | M30: =INDIRECT(CONCATENATE("'",M$2,"'!",$D30)) -> 0 | ... AO30: =INDIRECT(CONCATENATE("'",AO$2,"'!",$D30)) -> 0
C31: add_ratio | D31: F37 | E31: ='c30'!F39 -> 0 | F31: =INDIRECT(CONCATENATE("'",F$2,"'!",$D31)) -> 0 | G31: =INDIRECT(CONCATENATE("'",G$2,"'!",$D31)) -> 0 | H31: =INDIRECT(CONCATENATE("'",H$2,"'!",$D31)) -> 0 | I31: =INDIRECT(CONCATENATE("'",I$2,"'!",$D31)) -> 0 | J31: =INDIRECT(CONCATENATE("'",J$2,"'!",$D31)) -> 0 | K31: =INDIRECT(CONCATENATE("'",K$2,"'!",$D31)) -> 0 | L31: =INDIRECT(CONCATENATE("'",L$2,"'!",$D31)) -> 0 | M31: =INDIRECT(CONCATENATE("'",M$2,"'!",$D31)) -> 0 | ... AO31: =INDIRECT(CONCATENATE("'",AO$2,"'!",$D31)) -> 0
C32: maxlevel | D32: F38 | E32: ='c30'!F40 -> 0 | F32: =INDIRECT(CONCATENATE("'",F$2,"'!",$D32)) -> 160 | G32: =INDIRECT(CONCATENATE("'",G$2,"'!",$D32)) -> 160 | H32: =INDIRECT(CONCATENATE("'",H$2,"'!",$D32)) -> 160 | I32: =INDIRECT(CONCATENATE("'",I$2,"'!",$D32)) -> 160 | J32: =INDIRECT(CONCATENATE("'",J$2,"'!",$D32)) -> 160 | K32: =INDIRECT(CONCATENATE("'",K$2,"'!",$D32)) -> 160 | L32: =INDIRECT(CONCATENATE("'",L$2,"'!",$D32)) -> 160 | M32: =INDIRECT(CONCATENATE("'",M$2,"'!",$D32)) -> 160 | ... AO32: =INDIRECT(CONCATENATE("'",AO$2,"'!",$D32)) -> 160
C33: target_density | D33: F39 | E33: ='c30'!F41 -> 0 | F33: =INDIRECT(CONCATENATE("'",F$2,"'!",$D33)) -> 0 | G33: =INDIRECT(CONCATENATE("'",G$2,"'!",$D33)) -> 0 | H33: =INDIRECT(CONCATENATE("'",H$2,"'!",$D33)) -> 0 | I33: =INDIRECT(CONCATENATE("'",I$2,"'!",$D33)) -> 0 | J33: =INDIRECT(CONCATENATE("'",J$2,"'!",$D33)) -> 0 | K33: =INDIRECT(CONCATENATE("'",K$2,"'!",$D33)) -> 0 | L33: =INDIRECT(CONCATENATE("'",L$2,"'!",$D33)) -> 0.1 | M33: =INDIRECT(CONCATENATE("'",M$2,"'!",$D33)) -> 0 | ... AO33: =INDIRECT(CONCATENATE("'",AO$2,"'!",$D33)) -> 0
C34: required_excess | D34: F40 | E34: ='c30'!F42 -> 0 | F34: =INDIRECT(CONCATENATE("'",F$2,"'!",$D34)) -> 20 | G34: =INDIRECT(CONCATENATE("'",G$2,"'!",$D34)) -> 20 | H34: =INDIRECT(CONCATENATE("'",H$2,"'!",$D34)) -> 20 | I34: =INDIRECT(CONCATENATE("'",I$2,"'!",$D34)) -> 20 | J34: =INDIRECT(CONCATENATE("'",J$2,"'!",$D34)) -> 20 | K34: =INDIRECT(CONCATENATE("'",K$2,"'!",$D34)) -> 20 | L34: =INDIRECT(CONCATENATE("'",L$2,"'!",$D34)) -> 20 | M34: =INDIRECT(CONCATENATE("'",M$2,"'!",$D34)) -> 20 | ... AO34: =INDIRECT(CONCATENATE("'",AO$2,"'!",$D34)) -> 40
B36: Linear Algrebra | C36: interval | D36: F46 | E36: ='c30'!F48 -> 0 | F36: =INDIRECT(CONCATENATE("'",F$2,"'!",$D36)) -> 0 | G36: =INDIRECT(CONCATENATE("'",G$2,"'!",$D36)) -> 0 | H36: =INDIRECT(CONCATENATE("'",H$2,"'!",$D36)) -> 0 | I36: =INDIRECT(CONCATENATE("'",I$2,"'!",$D36)) -> 0 | J36: =INDIRECT(CONCATENATE("'",J$2,"'!",$D36)) -> 0 | K36: =INDIRECT(CONCATENATE("'",K$2,"'!",$D36)) -> 0 | L36: =INDIRECT(CONCATENATE("'",L$2,"'!",$D36)) -> 0 | M36: =INDIRECT(CONCATENATE("'",M$2,"'!",$D36)) -> 0 | ... AO36: =INDIRECT(CONCATENATE("'",AO$2,"'!",$D36)) -> 0
C37: interleaving | D37: F47 | E37: ='c30'!F49 -> 0 | F37: =INDIRECT(CONCATENATE("'",F$2,"'!",$D37)) -> 0 | G37: =INDIRECT(CONCATENATE("'",G$2,"'!",$D37)) -> 0 | H37: =INDIRECT(CONCATENATE("'",H$2,"'!",$D37)) -> 0 | I37: =INDIRECT(CONCATENATE("'",I$2,"'!",$D37)) -> 0 | J37: =INDIRECT(CONCATENATE("'",J$2,"'!",$D37)) -> 0 | K37: =INDIRECT(CONCATENATE("'",K$2,"'!",$D37)) -> 0 | L37: =INDIRECT(CONCATENATE("'",L$2,"'!",$D37)) -> 0 | M37: =INDIRECT(CONCATENATE("'",M$2,"'!",$D37)) -> 0 | ... AO37: =INDIRECT(CONCATENATE("'",AO$2,"'!",$D37)) -> 0
C38: m | D38: F48 | E38: ='c30'!F50 -> 64 | F38: =INDIRECT(CONCATENATE("'",F$2,"'!",$D38)) -> 100 | G38: =INDIRECT(CONCATENATE("'",G$2,"'!",$D38)) -> 100 | H38: =INDIRECT(CONCATENATE("'",H$2,"'!",$D38)) -> 100 | I38: =INDIRECT(CONCATENATE("'",I$2,"'!",$D38)) -> 100 | J38: =INDIRECT(CONCATENATE("'",J$2,"'!",$D38)) -> 100 | K38: =INDIRECT(CONCATENATE("'",K$2,"'!",$D38)) -> 100 | L38: =INDIRECT(CONCATENATE("'",L$2,"'!",$D38)) -> 100 | M38: =INDIRECT(CONCATENATE("'",M$2,"'!",$D38)) -> 100 | ... AO38: =INDIRECT(CONCATENATE("'",AO$2,"'!",$D38)) -> 1000
C39: n | D39: F49 | E39: ='c30'!F51 -> 64 | F39: =INDIRECT(CONCATENATE("'",F$2,"'!",$D39)) -> 0 | G39: =INDIRECT(CONCATENATE("'",G$2,"'!",$D39)) -> 0 | H39: =INDIRECT(CONCATENATE("'",H$2,"'!",$D39)) -> 0 | I39: =INDIRECT(CONCATENATE("'",I$2,"'!",$D39)) -> 0 | J39: =INDIRECT(CONCATENATE("'",J$2,"'!",$D39)) -> 0 | K39: =INDIRECT(CONCATENATE("'",K$2,"'!",$D39)) -> 0 | L39: =INDIRECT(CONCATENATE("'",L$2,"'!",$D39)) -> 0 | M39: =INDIRECT(CONCATENATE("'",M$2,"'!",$D39)) -> 0 | ... AO39: =INDIRECT(CONCATENATE("'",AO$2,"'!",$D39)) -> 0
C40: characters.nchar | D40: F50 | E40: ='c30'!F52 -> 50 | F40: =INDIRECT(CONCATENATE("'",F$2,"'!",$D40)) -> 64 | G40: =INDIRECT(CONCATENATE("'",G$2,"'!",$D40)) -> 64 | H40: =INDIRECT(CONCATENATE("'",H$2,"'!",$D40)) -> 64 | I40: =INDIRECT(CONCATENATE("'",I$2,"'!",$D40)) -> 64 | J40: =INDIRECT(CONCATENATE("'",J$2,"'!",$D40)) -> 64 | K40: =INDIRECT(CONCATENATE("'",K$2,"'!",$D40)) -> 64 | L40: =INDIRECT(CONCATENATE("'",L$2,"'!",$D40)) -> 64 | M40: =INDIRECT(CONCATENATE("'",M$2,"'!",$D40)) -> 64 | ... AO40: =INDIRECT(CONCATENATE("'",AO$2,"'!",$D40)) -> 64
C41: bwc.threads | D41: H46 | E41: ='c30'!H48 -> 0 | F41: =INDIRECT(CONCATENATE("'",F$2,"'!",$D41)) -> 0 | G41: =INDIRECT(CONCATENATE("'",G$2,"'!",$D41)) -> 0 | H41: =INDIRECT(CONCATENATE("'",H$2,"'!",$D41)) -> 0 | I41: =INDIRECT(CONCATENATE("'",I$2,"'!",$D41)) -> 0 | J41: =INDIRECT(CONCATENATE("'",J$2,"'!",$D41)) -> 0 | K41: =INDIRECT(CONCATENATE("'",K$2,"'!",$D41)) -> 0 | L41: =INDIRECT(CONCATENATE("'",L$2,"'!",$D41)) -> 0 | M41: =INDIRECT(CONCATENATE("'",M$2,"'!",$D41)) -> 0 | ... AO41: =INDIRECT(CONCATENATE("'",AO$2,"'!",$D41)) -> 0
C42: characters.threads | D42: H47 | E42: ='c30'!H49 -> 0 | F42: =INDIRECT(CONCATENATE("'",F$2,"'!",$D42)) -> 0 | G42: =INDIRECT(CONCATENATE("'",G$2,"'!",$D42)) -> 0 | H42: =INDIRECT(CONCATENATE("'",H$2,"'!",$D42)) -> 0 | I42: =INDIRECT(CONCATENATE("'",I$2,"'!",$D42)) -> 0 | J42: =INDIRECT(CONCATENATE("'",J$2,"'!",$D42)) -> 0 | K42: =INDIRECT(CONCATENATE("'",K$2,"'!",$D42)) -> 0 | L42: =INDIRECT(CONCATENATE("'",L$2,"'!",$D42)) -> 0 | M42: =INDIRECT(CONCATENATE("'",M$2,"'!",$D42)) -> 0 | ... AO42: =INDIRECT(CONCATENATE("'",AO$2,"'!",$D42)) -> 0
E44: Back to top
E62: Back to top
E80: Back to top
E98: Back to top
E116: Back to top
E134: Back to top
E152: Back to top
P155: 60: | Q155: 2,2,3,5
P156: 420: | Q156: 2,2,3,5,7
P157: 27720: | Q157: 2,2,2,3,3,5,7,11
M159: 27720
E170: Back to top
E188: Back to top
E206: Back to top
E224: Back to top

Sheet Index of Results
E2: c30 | F2: c60 | G2: c65 | H2: c70 | I2: c75 | J2: c80 | K2: c85 | L2: c90 | M2: c95 | N2: c100 | O2: c105 | P2: c110 | Q2: c115 | R2: c120 | S2: c125 | T2: c130 | U2: c135 | V2: c140 | W2: c145 | X2: c150 | Y2: c155 | Z2: c160 | AA2: c165 | AB2: c170 | AC2: c175 | AD2: c180 | AE2: c185 | AF2: c190 | AG2: c195 | AH2: c200 | AI2: c205 | AJ2: c210 | AK2: c220 | AL2: c230 | AM2: c270 | AN2: c310 | AO2: c320
B3: Polynomial selection | C3: Size optimization | D3: O4 | E3: =INDIRECT(CONCATENATE("'",E$2,"'!",$D3)) -> 0.018 | F3: =INDIRECT(CONCATENATE("'",F$2,"'!",$D3)) -> 0.97 | G3: =INDIRECT(CONCATENATE("'",G$2,"'!",$D3)) -> 1.982 | H3: =INDIRECT(CONCATENATE("'",H$2,"'!",$D3)) -> 3.854 | I3: =INDIRECT(CONCATENATE("'",I$2,"'!",$D3)) -> 8.012 | J3: =INDIRECT(CONCATENATE("'",J$2,"'!",$D3)) -> 6.122 | K3: =INDIRECT(CONCATENATE("'",K$2,"'!",$D3)) -> 21.686 | L3: =INDIRECT(CONCATENATE("'",L$2,"'!",$D3)) -> 65.662 | ... AO3: =INDIRECT(CONCATENATE("'",AO$2,"'!",$D3)) -> #DIV/0!
C12: Root optimization | D12: O13 | E12: =INDIRECT(CONCATENATE("'",E$2,"'!",$D12)) -> 0.07 | F12: =INDIRECT(CONCATENATE("'",F$2,"'!",$D12)) -> 6.218 | G12: =INDIRECT(CONCATENATE("'",G$2,"'!",$D12)) -> 9.324 | H12: =INDIRECT(CONCATENATE("'",H$2,"'!",$D12)) -> 13.316 | I12: =INDIRECT(CONCATENATE("'",I$2,"'!",$D12)) -> 19.66 | J12: =INDIRECT(CONCATENATE("'",J$2,"'!",$D12)) -> 22.342 | K12: =INDIRECT(CONCATENATE("'",K$2,"'!",$D12)) -> 34.322 | L12: =INDIRECT(CONCATENATE("'",L$2,"'!",$D12)) -> 47.258 | ... AO12: =INDIRECT(CONCATENATE("'",AO$2,"'!",$D12)) -> #DIV/0!
C14: Generate factor base | D14: O15 | E14: =INDIRECT(CONCATENATE("'",E$2,"'!",$D14)) -> 0.018 | F14: =INDIRECT(CONCATENATE("'",F$2,"'!",$D14)) -> 0.092 | G14: =INDIRECT(CONCATENATE("'",G$2,"'!",$D14)) -> 0.188 | H14: =INDIRECT(CONCATENATE("'",H$2,"'!",$D14)) -> 0.2 | I14: =INDIRECT(CONCATENATE("'",I$2,"'!",$D14)) -> 0.236 | J14: =INDIRECT(CONCATENATE("'",J$2,"'!",$D14)) -> 0.278 | K14: =INDIRECT(CONCATENATE("'",K$2,"'!",$D14)) -> 0.444 | L14: =INDIRECT(CONCATENATE("'",L$2,"'!",$D14)) -> 0.656 | ... AO14: =INDIRECT(CONCATENATE("'",AO$2,"'!",$D14)) -> #DIV/0!
C16: Generate free relations | D16: O17 | E16: =INDIRECT(CONCATENATE("'",E$2,"'!",$D16)) -> 0.08 | F16: =INDIRECT(CONCATENATE("'",F$2,"'!",$D16)) -> 0.384 | G16: =INDIRECT(CONCATENATE("'",G$2,"'!",$D16)) -> 0.75 | H16: =INDIRECT(CONCATENATE("'",H$2,"'!",$D16)) -> 1.5 | I16: =INDIRECT(CONCATENATE("'",I$2,"'!",$D16)) -> 1.522 | J16: =INDIRECT(CONCATENATE("'",J$2,"'!",$D16)) -> 1.516 | K16: =INDIRECT(CONCATENATE("'",K$2,"'!",$D16)) -> 3.03 | L16: =INDIRECT(CONCATENATE("'",L$2,"'!",$D16)) -> 6.048 | ... AO16: =INDIRECT(CONCATENATE("'",AO$2,"'!",$D16)) -> #DIV/0!
C20: MurphyE of poly found: | D20: O21 | E20: =INDIRECT(CONCATENATE("'",E$2,"'!",$D20)) -> 8.812e-05 | F20: =INDIRECT(CONCATENATE("'",F$2,"'!",$D20)) -> 4.034e-07 | G20: =INDIRECT(CONCATENATE("'",G$2,"'!",$D20)) -> 3.432e-07 | H20: =INDIRECT(CONCATENATE("'",H$2,"'!",$D20)) -> 1.842e-07 | I20: =INDIRECT(CONCATENATE("'",I$2,"'!",$D20)) -> 5.912e-08 | J20: =INDIRECT(CONCATENATE("'",J$2,"'!",$D20)) -> 3.514e-08 | K20: =INDIRECT(CONCATENATE("'",K$2,"'!",$D20)) -> 3.372e-08 | L20: =INDIRECT(CONCATENATE("'",L$2,"'!",$D20)) -> 2.008e-08 | ... AO20: =INDIRECT(CONCATENATE("'",AO$2,"'!",$D20)) -> #DIV/0!
C22: Wall clock (seconds): | D22: O23 | X22: =INDIRECT(CONCATENATE("'",X$2,"'!",$D22)) -> 2417.8325 | Y22: =INDIRECT(CONCATENATE("'",Y$2,"'!",$D22)) -> 2970.3198 | Z22: =INDIRECT(CONCATENATE("'",Z$2,"'!",$D22)) -> 6611.7698 | AA22: =INDIRECT(CONCATENATE("'",AA$2,"'!",$D22)) -> 20010.907 | AB22: =INDIRECT(CONCATENATE("'",AB$2,"'!",$D22)) -> 43877.4 | AC22: =INDIRECT(CONCATENATE("'",AC$2,"'!",$D22)) -> 118806.6 | AD22: =INDIRECT(CONCATENATE("'",AD$2,"'!",$D22)) -> 66586.6 | AE22: =INDIRECT(CONCATENATE("'",AE$2,"'!",$D22)) -> 31718 | AF22: =INDIRECT(CONCATENATE("'",AF$2,"'!",$D22)) -> 196908.2
C24: Execution
B25: Lattice Sieving | C25: Lattice Sieving | D25: O25 | E25: =INDIRECT(CONCATENATE("'",E$2,"'!",$D25)) -> 1.484 | F25: =INDIRECT(CONCATENATE("'",F$2,"'!",$D25)) -> 32.396 | G25: =INDIRECT(CONCATENATE("'",G$2,"'!",$D25)) -> 62.172 | H25: =INDIRECT(CONCATENATE("'",H$2,"'!",$D25)) -> 99.792 | I25: =INDIRECT(CONCATENATE("'",I$2,"'!",$D25)) -> 214.33 | J25: =INDIRECT(CONCATENATE("'",J$2,"'!",$D25)) -> 459.066 | K25: =INDIRECT(CONCATENATE("'",K$2,"'!",$D25)) -> 800.004 | L25: =INDIRECT(CONCATENATE("'",L$2,"'!",$D25)) -> 1600.198 | ... AO25: =INDIRECT(CONCATENATE("'",AO$2,"'!",$D25)) -> #DIV/0!
C37: Execution
B38: Filtering | C38: Duplicate Removal, splitting pass: | D38: O38 | E38: =INDIRECT(CONCATENATE("'",E$2,"'!",$D38)) -> 0.106 | F38: =INDIRECT(CONCATENATE("'",F$2,"'!",$D38)) -> 0.132 | G38: =INDIRECT(CONCATENATE("'",G$2,"'!",$D38)) -> 0.26 | H38: =INDIRECT(CONCATENATE("'",H$2,"'!",$D38)) -> 0.636 | I38: =INDIRECT(CONCATENATE("'",I$2,"'!",$D38)) -> 0.598 | J38: =INDIRECT(CONCATENATE("'",J$2,"'!",$D38)) -> 0.726 | K38: =INDIRECT(CONCATENATE("'",K$2,"'!",$D38)) -> 1.182 | L38: =INDIRECT(CONCATENATE("'",L$2,"'!",$D38)) -> 2.402 | ... AO38: =INDIRECT(CONCATENATE("'",AO$2,"'!",$D38)) -> #DIV/0!
C39: Duplicate Removal, removal pass: | D39: O39 | E39: =INDIRECT(CONCATENATE("'",E$2,"'!",$D39)) -> 0.244 | F39: =INDIRECT(CONCATENATE("'",F$2,"'!",$D39)) -> 0.32 | G39: =INDIRECT(CONCATENATE("'",G$2,"'!",$D39)) -> 0.664 | H39: =INDIRECT(CONCATENATE("'",H$2,"'!",$D39)) -> 1.264 | I39: =INDIRECT(CONCATENATE("'",I$2,"'!",$D39)) -> 1.902 | J39: =INDIRECT(CONCATENATE("'",J$2,"'!",$D39)) -> 2.712 | K39: =INDIRECT(CONCATENATE("'",K$2,"'!",$D39)) -> 5.044 | L39: =INDIRECT(CONCATENATE("'",L$2,"'!",$D39)) -> 8.002 | ... AO39: =INDIRECT(CONCATENATE("'",AO$2,"'!",$D39)) -> #DIV/0!
C40: Singleton removal | D40: O40 | E40: =INDIRECT(CONCATENATE("'",E$2,"'!",$D40)) -> 0.644 | F40: =INDIRECT(CONCATENATE("'",F$2,"'!",$D40)) -> 0.592 | G40: =INDIRECT(CONCATENATE("'",G$2,"'!",$D40)) -> 1.24 | H40: =INDIRECT(CONCATENATE("'",H$2,"'!",$D40)) -> 1.92 | I40: =INDIRECT(CONCATENATE("'",I$2,"'!",$D40)) -> 1.606 | J40: =INDIRECT(CONCATENATE("'",J$2,"'!",$D40)) -> 2.36 | K40: =INDIRECT(CONCATENATE("'",K$2,"'!",$D40)) -> 4.2 | L40: =INDIRECT(CONCATENATE("'",L$2,"'!",$D40)) -> 6.186 | ... AO40: =INDIRECT(CONCATENATE("'",AO$2,"'!",$D40)) -> #DIV/0!
C41: Merging - merge | D41: O41 | E41: =INDIRECT(CONCATENATE("'",E$2,"'!",$D41)) -> 0.088 | F41: =INDIRECT(CONCATENATE("'",F$2,"'!",$D41)) -> 0.764 | G41: =INDIRECT(CONCATENATE("'",G$2,"'!",$D41)) -> 1.4 | H41: =INDIRECT(CONCATENATE("'",H$2,"'!",$D41)) -> 2.35 | I41: =INDIRECT(CONCATENATE("'",I$2,"'!",$D41)) -> 6.298 | J41: =INDIRECT(CONCATENATE("'",J$2,"'!",$D41)) -> 8.114 | K41: =INDIRECT(CONCATENATE("'",K$2,"'!",$D41)) -> 14.682 | L41: =INDIRECT(CONCATENATE("'",L$2,"'!",$D41)) -> 24.524 | ... AO41: =INDIRECT(CONCATENATE("'",AO$2,"'!",$D41)) -> #DIV/0!
C42: Merging - replay | D42: O42 | E42: =INDIRECT(CONCATENATE("'",E$2,"'!",$D42)) -> 0.02 | F42: =INDIRECT(CONCATENATE("'",F$2,"'!",$D42)) -> 0.166 | G42: =INDIRECT(CONCATENATE("'",G$2,"'!",$D42)) -> 0.276 | H42: =INDIRECT(CONCATENATE("'",H$2,"'!",$D42)) -> 0.444 | I42: =INDIRECT(CONCATENATE("'",I$2,"'!",$D42)) -> 1.04 | J42: =INDIRECT(CONCATENATE("'",J$2,"'!",$D42)) -> 1.338 | K42: =INDIRECT(CONCATENATE("'",K$2,"'!",$D42)) -> 2.25 | L42: =INDIRECT(CONCATENATE("'",L$2,"'!",$D42)) -> 3.384 | ... AO42: =INDIRECT(CONCATENATE("'",AO$2,"'!",$D42)) -> #DIV/0!
C46: Execution
B47: Linear Algrebra | C47: Total | D47: O47 | E47: =INDIRECT(CONCATENATE("'",E$2,"'!",$D47)) -> 0.592 | F47: =INDIRECT(CONCATENATE("'",F$2,"'!",$D47)) -> 1.542 | G47: =INDIRECT(CONCATENATE("'",G$2,"'!",$D47)) -> 2.184 | H47: =INDIRECT(CONCATENATE("'",H$2,"'!",$D47)) -> 3.47 | I47: =INDIRECT(CONCATENATE("'",I$2,"'!",$D47)) -> 12.108 | J47: =INDIRECT(CONCATENATE("'",J$2,"'!",$D47)) -> 19.37 | K47: =INDIRECT(CONCATENATE("'",K$2,"'!",$D47)) -> 51.236 | L47: =INDIRECT(CONCATENATE("'",L$2,"'!",$D47)) -> 94.586 | ... AO47: =INDIRECT(CONCATENATE("'",AO$2,"'!",$D47)) -> #DIV/0!
C48: Quadratic | D48: O48 | E48: =INDIRECT(CONCATENATE("'",E$2,"'!",$D48)) -> 0.02 | F48: =INDIRECT(CONCATENATE("'",F$2,"'!",$D48)) -> 0.16 | G48: =INDIRECT(CONCATENATE("'",G$2,"'!",$D48)) -> 0.262 | H48: =INDIRECT(CONCATENATE("'",H$2,"'!",$D48)) -> 0.396 | I48: =INDIRECT(CONCATENATE("'",I$2,"'!",$D48)) -> 0.91 | J48: =INDIRECT(CONCATENATE("'",J$2,"'!",$D48)) -> 1.118 | K48: =INDIRECT(CONCATENATE("'",K$2,"'!",$D48)) -> 1.94 | L48: =INDIRECT(CONCATENATE("'",L$2,"'!",$D48)) -> 2.826 | ... AO48: =INDIRECT(CONCATENATE("'",AO$2,"'!",$D48)) -> #DIV/0!
C49: Square root | D49: O49 | E49: =INDIRECT(CONCATENATE("'",E$2,"'!",$D49)) -> 0.126 | F49: =INDIRECT(CONCATENATE("'",F$2,"'!",$D49)) -> 0.826 | G49: =INDIRECT(CONCATENATE("'",G$2,"'!",$D49)) -> 1.196 | H49: =INDIRECT(CONCATENATE("'",H$2,"'!",$D49)) -> 1.37 | I49: =INDIRECT(CONCATENATE("'",I$2,"'!",$D49)) -> 5.232 | J49: =INDIRECT(CONCATENATE("'",J$2,"'!",$D49)) -> 5.438 | K49: =INDIRECT(CONCATENATE("'",K$2,"'!",$D49)) -> 8.672 | L49: =INDIRECT(CONCATENATE("'",L$2,"'!",$D49)) -> 18.464 | ... AO49: =INDIRECT(CONCATENATE("'",AO$2,"'!",$D49)) -> #DIV/0!
C54: Wall clock (seconds): | D54: O63 | M54: =INDIRECT(CONCATENATE("'",M$2,"'!",$D54)) -> 461.3975 | N54: =INDIRECT(CONCATENATE("'",N$2,"'!",$D54)) -> 2306.8192 | O54: =INDIRECT(CONCATENATE("'",O$2,"'!",$D54)) -> 4445.65 | P54: =INDIRECT(CONCATENATE("'",P$2,"'!",$D54)) -> 3174.77
C56: Polynomial selection | D56: O56 | E56: =INDIRECT(CONCATENATE("'",E$2,"'!",$D56)) -> 0.052936 | F56: =INDIRECT(CONCATENATE("'",F$2,"'!",$D56)) -> 0.17241343 | G56: =INDIRECT(CONCATENATE("'",G$2,"'!",$D56)) -> 0.14958627 | H56: =INDIRECT(CONCATENATE("'",H$2,"'!",$D56)) -> 0.14550822 | I56: =INDIRECT(CONCATENATE("'",I$2,"'!",$D56)) -> 0.10778332 | J56: =INDIRECT(CONCATENATE("'",J$2,"'!",$D56)) -> 0.057303251 | K56: =INDIRECT(CONCATENATE("'",K$2,"'!",$D56)) -> 0.062953072 | L56: =INDIRECT(CONCATENATE("'",L$2,"'!",$D56)) -> 0.063790664 | ... P56: =INDIRECT(CONCATENATE("'",P$2,"'!",$D56)) -> 0.049473103
C57: Lattice Sieving | D57: O57 | E57: =INDIRECT(CONCATENATE("'",E$2,"'!",$D57)) -> 0.42153537 | F57: =INDIRECT(CONCATENATE("'",F$2,"'!",$D57)) -> 0.72663547 | G57: =INDIRECT(CONCATENATE("'",G$2,"'!",$D57)) -> 0.75901961 | H57: =INDIRECT(CONCATENATE("'",H$2,"'!",$D57)) -> 0.76345346 | I57: =INDIRECT(CONCATENATE("'",I$2,"'!",$D57)) -> 0.78370757 | J57: =INDIRECT(CONCATENATE("'",J$2,"'!",$D57)) -> 0.86455993 | K57: =INDIRECT(CONCATENATE("'",K$2,"'!",$D57)) -> 0.84278576 | L57: =INDIRECT(CONCATENATE("'",L$2,"'!",$D57)) -> 0.85028947 | ... P57: =INDIRECT(CONCATENATE("'",P$2,"'!",$D57)) -> 0.87318679
C58: Filtering | D58: O58 | E58: =INDIRECT(CONCATENATE("'",E$2,"'!",$D58)) -> 0.31062384 | F58: =INDIRECT(CONCATENATE("'",F$2,"'!",$D58)) -> 0.044327103 | G58: =INDIRECT(CONCATENATE("'",G$2,"'!",$D58)) -> 0.046956942 | H58: =INDIRECT(CONCATENATE("'",H$2,"'!",$D58)) -> 0.050954731 | I58: =INDIRECT(CONCATENATE("'",I$2,"'!",$D58)) -> 0.041913525 | J58: =INDIRECT(CONCATENATE("'",J$2,"'!",$D58)) -> 0.028871587 | K58: =INDIRECT(CONCATENATE("'",K$2,"'!",$D58)) -> 0.02892781 | L58: =INDIRECT(CONCATENATE("'",L$2,"'!",$D58)) -> 0.023723885 | ... P58: =INDIRECT(CONCATENATE("'",P$2,"'!",$D58)) -> 0.0076788731
C59: Linear Algebra | D59: O59 | E59: =INDIRECT(CONCATENATE("'",E$2,"'!",$D59)) -> 0.21487987 | F59: =INDIRECT(CONCATENATE("'",F$2,"'!",$D59)) -> 0.056623991 | G59: =INDIRECT(CONCATENATE("'",G$2,"'!",$D59)) -> 0.044437174 | H59: =INDIRECT(CONCATENATE("'",H$2,"'!",$D59)) -> 0.04008358 | I59: =INDIRECT(CONCATENATE("'",I$2,"'!",$D59)) -> 0.066595587 | J59: =INDIRECT(CONCATENATE("'",J$2,"'!",$D59)) -> 0.049265227 | K59: =INDIRECT(CONCATENATE("'",K$2,"'!",$D59)) -> 0.065333359 | L59: =INDIRECT(CONCATENATE("'",L$2,"'!",$D59)) -> 0.062195982 | ... P59: =INDIRECT(CONCATENATE("'",P$2,"'!",$D59)) -> 0.069661233
E62: Back to top
E80: Back to top
E98: Back to top
E116: Back to top
E134: Back to top
E152: Back to top
E170: Back to top
M177: 27720
E188: Back to top
E206: Back to top
E224: Back to top
E242: Back to top
E260: Back to top
E278: Back to top
E296: Back to top
E314: Back to top

Sheet References
C1: References
B2: Prev | C2: Contents | D2: Next
B5: Online BigNum calculator: | C5: https://defuse.ca/big-number-calculator.htm
B6: Online integer factorization calculator: | C6: https://www.alpertron.com.ar/ECM.HTM
B7: Online primality tests: | C7: https://www.dcode.fr/primality-test
B8: Base conversion: | C8: https://www.wolframalpha.com
